,Album,Artist,Status,Label
0, GREATEST HITS,MARIAH CAREY,2x Multi-Platinum, LEGACY
1, THE REMIXES,MARIAH CAREY,Gold, COLUMBIA
2, VIEWS,DRAKE,6x Multi-Platinum, REPUBLIC RECORDS / CASH MONEY RECORDS / YOUNG MONEY ENTERTAINMENT
3, MAJOR KEY,DJ KHALED,1x Platinum, WE THE BEST / EPIC
4, THE CHRISTMAS SESSIONS,MERCYME,Gold, FAIR TRADE SERVICES
5, DON'T SMILE AT ME,BILLIE EILISH,1x Platinum, DARKROOM / INTERSCOPE RECORDS
6, LOVER,TAYLOR SWIFT,1x Platinum, REPUBLIC RECORDS
7, TAKE CARE,DRAKE,6x Multi-Platinum, YOUNG MONEY / CASH MONEY / REPUBLIC RECORDS
8, MI SANGRE,JUANES,18x Diamond, UNIVERSAL MUSIC LATINO
9, BAPTIZED,DAUGHTRY,Gold, RCA
10," WHEN WE ALL FALL ASLEEP, WHERE DO WE GO?",BILLIE EILISH,2x Multi-Platinum, DARKROOM / INTERSCOPE
11, DAUGHTRY,DAUGHTRY,6x Multi-Platinum, RCA
12, TREMAINE: THE ALBUM,TREY SONGZ,Gold, ATLANTIC RECORDS
13,ROYALTY,CHRIS BROWN,1x Platinum, RCA
14,CHRIS BROWN,CHRIS BROWN,3x Multi-Platinum, RCA
15,EXCLUSIVE,CHRIS BROWN,3x Multi-Platinum, RCA
16,GRAFFITI,CHRIS BROWN,Gold, RCA
17,HEARTBREAK ON A FULL MOON,CHRIS BROWN,2x Multi-Platinum, RCA
18,"THANK YOU, HAPPY BIRTHDAY",CAGE THE ELEPHANT,Gold, JIVE
19,INDIGO,CHRIS BROWN,Gold, CHRIS BROWN ENTERTAINMENT / RCA
20,FREE SPIRIT,KHALID,1x Platinum, RIGHT HAND MUSIC / RCA
21,OPUS,MARC ANTHONY,1x Platinum, SONY MUSIC LATIN
22,GRAFFITI U,KEITH URBAN,Gold, CAPITOL RECORDS NASHVILLE
23,LUCA BRASI 3,KEVIN GATES,Gold, BREAD WINNERS ASSOCIATION / ATLANTIC RECORDS
24,THE SEARCH FOR EVERYTHING,JOHN MAYER,Gold, COLUMBIA
25,FATHER OF ASAHD,DJ KHALED,Gold, WE THE BEST / EPIC
26,ROLLING PAPERS 2,WIZ KHALIFA,Gold, ATLANTIC RECORDS
27,WALKING ON A DREAM,EMPIRE OF THE SUN,Gold, ASTRALWERKS
28,LEMONADE,BEYONCE,3x Multi-Platinum, COLUMBIA
29,CHAMPIONSHIPS,MEEK MILL,1x Platinum, MMG / ATLANTIC RECORDS
30,ICON,JOSH TURNER,Gold, MCA NASHVILLE
31,ASLEEP IN THE BREAD AISLE,ASHER ROTH,Gold, MOTOWN RECORDS
32,2014 FOREST HILLS DRIVE,J. COLE,3x Multi-Platinum, ROC NATION / COLUMBIA
33,LET LOVE IN,GOO GOO DOLLS,Gold, WARNER BROS. RECORDS
34,PRAY FOR THE WICKED,PANIC! AT THE DISCO,1x Platinum, FUELED BY RAMEN
35,SINNERS LIKE ME,ERIC CHURCH,1x Platinum, CAPITOL RECORDS NASHVILLE
36,THE OUTSIDERS,ERIC CHURCH,2x Multi-Platinum, EMI RECORDS NASHVILLE
37,WATCHING MOVIES WITH THE SOUND OFF,MAC MILLER,Gold, ROSTRUM  
38,SWIMMING,MAC MILLER,Gold, WARNER BROS RECORDS 
39,HEAD OR HEART,CHRISTINA PERRI,Gold, ATLANTIC RECORDS
40,THE REAL TESTAMENT,PLIES,1x Platinum, SLIP N SLIDE  /  ATLANTIC
41,VALIENTE,THALIA,1x Platinum, SONY LATIN
42,BOHEMIAN RHAPSODY,QUEEN,Gold, HOLLYWOOD RECORDS
43,A FEVER YOU CAN'T SWEAT OUT,PANIC! AT THE DISCO,3x Multi-Platinum, FUELED BY RAMEN
44,PRETTY. ODD.,PANIC! AT THE DISCO,1x Platinum, FUELED BY RAMEN
45,"TOO WEIRD TO LIVE, TOO RARE TO DIE!",PANIC! AT THE DISCO,1x Platinum, FUELED BY RAMEN
46,DEATH OF A BACHELOR,PANIC! AT THE DISCO,2x Multi-Platinum, FUELED BY RAMEN
47,BLACC HOLLYWOOD,WIZ KHALIFA,1x Platinum, ATLANTIC RECORDS
48,WHAT MAKES YOU COUNTRY,LUKE BRYAN,Gold, CAPITOL RECORDS NASHVILLE
49,ONE MORE LIGHT,LINKIN PARK,Gold, WARNER BROS. RECORDS
50,VIVES,CARLOS VIVES,4x Multi-Platinum, SONY LATIN
51,VIDA,LUIS FONSI,22x Diamond, UNIVERSAL MUSIC LATINO
52,INDICUD,KID CUDI,Gold, REPUBLIC RECORDS
53,PRETTY GIRLS LIKE TRAP MUSIC,2 CHAINZ,1x Platinum, DEF JAM RECORDINGS
54,THE ESSENTIAL OZZY OSBOURNE,OZZY OSBOURNE,2x Multi-Platinum, EPIC
55,VESSEL,TWENTY ONE PILOTS,2x Multi-Platinum, FUELED BY RAMEN
56,ISLAH,KEVIN GATES,2x Multi-Platinum, BREAD WINNERS ASSOCIATION / ATLANTIC RECORDS
57,WAR & LEISURE,MIGUEL,Gold, BYSTORM/RCA
58,BLURRYFACE,TWENTY ONE PILOTS,4x Multi-Platinum, FUELED BY RAMEN
59,A SEAT AT THE TABLE,SOLANGE,Gold, COLUMBIA
60,DIAMONDS,ELTON JOHN,Gold, UNIVERSAL MUSIC ENTERPRISES
61,UNDER THE IRON SEA,KEANE,Gold, INTERSCOPE RECORDS
62,HOPES AND FEARS,KEANE,1x Platinum, INTERSCOPE
63,QUEEN,NICKI MINAJ,1x Platinum, YOUNG MONEY / CASH MONEY / REPUBLIC RECORDS
64,THA CARTER V,LIL WAYNE,1x Platinum, YOUNG MONEY RECORDS
65,YOU GET WHAT YOU GIVE,ZAC BROWN BAND,3x Multi-Platinum, HOMEGROWN / ATLANTIC RECORDS
66,MELOPHOBIA,CAGE THE ELEPHANT,Gold, RCA
67,TRENCH,TWENTY ONE PILOTS,Gold, FUELED BY RAMEN
68,CULTURE II,MIGOS,2x Multi-Platinum, QUALITY CONTROL MUSIC / MOTOWN RECORDS / CAPITOL RECORDS
69,CANNIBAL,KESHA,1x Platinum, RCA
70,WARRIOR,KESHA,Gold, RCA
71,ANIMAL,KESHA,3x Multi-Platinum, RCA
72,THE DEVIL DON'T SLEEP,BRANTLEY GILBERT,Gold, THE VALORY MUSIC CO
73,GREATEST HITS,MARTINA MCBRIDE,4x Multi-Platinum, RCA NASHVILLE
74,THE ART OF THE HUSTLE,YO GOTTI,Gold, EPIC
75,I AM,YO GOTTI,Gold, EPIC
76,KAMIKAZE,EMINEM,1x Platinum, SHADY / AFTERMATH / INTERSCOPE
77,KOD,J. COLE,1x Platinum, DREAMVILLE / ROC NATION
78,UNLEASHED,SKILLET,Gold, ATLANTIC RECORDS
79,24K MAGIC,BRUNO MARS,3x Multi-Platinum, ATLANTIC RECORDS
80,A MOON SHAPED POOL,RADIOHEAD,Gold, XL RECORDINGS
81,GO:OD AM,MAC MILLER,Gold, WARNER BROS RECORDS 
82,HALCYON,ELLIE GOULDING,1x Platinum, CHERRY TREE / INTERSCOPE
83,LIGHTS,ELLIE GOULDING,1x Platinum, CHERRY TREE / INTERSCOPE
84,DELIRIUM,ELLIE GOULDING,1x Platinum, INTERSCOPE
85,CRY PRETTY,CARRIE UNDERWOOD,Gold, CAPITOL RECORDS NASHVILLE
86,STRONGER,SARA EVANS,Gold, RCA NASHVILLE
87,EL DORADO,SHAKIRA,10x Diamond, SONY LATIN
88,CRAZY EX-GIRLFRIEND,MIRANDA LAMBERT,2x Multi-Platinum, COLUMBIA NASHVILLE
89,REVOLUTION,MIRANDA LAMBERT,2x Multi-Platinum, COLUMBIA NASHVILLE
90,"AWAKEN, MY LOVE",CHILDISH GAMBINO,1x Platinum, GLASSNOTE RECORDS
91,REVIVAL,EMINEM,Gold, SHADY / AFTERMATH / INTERSCOPE
92,YE,KANYE WEST,Gold, G.O.O.D MUSIC / DEF JAM RECORDINGS
93,÷,ED SHEERAN,4x Multi-Platinum, ATLANTIC RECORDS
94,THE VERY BEST OF FLEETWOOD MAC,FLEETWOOD MAC,4x Multi-Platinum, RHINO
95,BY ANY MEANS,KEVIN GATES,Gold, BREAD WINNERS ASSOCIATION / ATLANTIC RECORDS
96,LUCA BRASI 2,KEVIN GATES,1x Platinum, BREAD WINNERS ASSOCIATION / ATLANTIC RECORDS
97,GREATEST HITS '93 - '03,311,1x Platinum, VOLCANO
98,TAKE IT ALL AWAY,RYAN CABRERA,1x Platinum, ATLANTIC RECORDS
99,WOODSTOCK,PORTUGAL. THE MAN,Gold, ATLANTIC RECORDS
100,THE ESSENTIAL MICHAEL JACKSON,MICHAEL JACKSON,4x Multi-Platinum, EPIC/LEGACY
101,TELL ME YOU LOVE ME,DEMI LOVATO,1x Platinum, ISLAND RECORDS
102,AMERICAN TEEN,KHALID,2x Multi-Platinum, RIGHT HAND MUSIC / RCA
103,COSMIC HALLELUJAH,KENNY CHESNEY,Gold, BLUE CHAIR RECORDS / COLUMBIA NASHVILLE
104,GREATEST HITS,KENNY CHESNEY,5x Multi-Platinum, BLUE CHAIR RECORDS /  COLUMBIA NASHVILLE
105,ALL I WANT FOR CHRISTMAS IS A REAL GOOD TAN,KENNY CHESNEY,1x Platinum, BNA RECORDS LABEL
106,HEAVIER THINGS,JOHN MAYER,3x Multi-Platinum, COLUMBIA
107,PARADISE VALLEY,JOHN MAYER,Gold, COLUMBIA
108,CONTINUUM,JOHN MAYER,4x Multi-Platinum, COLUMBIA
109,WHERE THE LIGHT IS,JOHN MAYER,1x Platinum, COLUMBIA
110,REARVIEW TOWN,JASON ALDEAN,Gold, BROKEN BOW RECORDS
111,THE MAN I WANT TO BE,CHRIS YOUNG,1x Platinum, RCA NASHVILLE
112,LIVE IN NO SHOES NATION,KENNY CHESNEY,1x Platinum, BLUE CHAIR RECORDS / COLUMBIA NASHVILLE
113,RED,TAYLOR SWIFT,7x Multi-Platinum," BIG MACHINE RECORDS, INC."
114,THE TAYLOR SWIFT HOLIDAY COLLECTION,TAYLOR SWIFT,1x Platinum, BIG MACHINE RECORDS
115,SCORPION,DRAKE,1x Platinum, YOUNG MONEY / CASH MONEY / REPUBLIC RECORDS
116,THE SICKNESS,DISTURBED,5x Multi-Platinum, WARNER BROS RECORDS 
117,TEN THOUSAND FISTS,DISTURBED,2x Multi-Platinum, WARNER BROS RECORDS 
118,BANGERZ,MILEY CYRUS,3x Multi-Platinum, RCA RECORDS
119,QUALITY,TALIB KWELI,Gold, RAWKUS
120,ALMOST THERE,MERCYME,3x Multi-Platinum, FAIR TRADE SERVICES
121,BIONIC,CHRISTINA AGUILERA,Gold, RCA
122,KEEPS GETTIN' BETTER: A DECADE OF HITS,CHRISTINA AGUILERA,Gold, RCA
123,LOTUS,CHRISTINA AGUILERA,Gold, RCA
124,"GOOD KID, M.A.A.D. CITY",KENDRICK LAMAR,3x Multi-Platinum, TOP DAWG ENTERTAINMENT / AFTERMATH / INTERSCOPE RECORDS
125,BLANK FACE LP,SCHOOLBOY Q,Gold, TOP DAWG ENTERTAINMENT / INTERSCOPE
126,CARNAVAS,SILVERSUN PICKUPS,Gold, DANGERBIRD RECORDS
127,RED PILL BLUES,MAROON 5,1x Platinum, 222 RECORDS / INTERSCOPE
128,LIZ PHAIR,LIZ PHAIR,Gold, CAPITOL RECORDS
129,BLUE SLIDE PARK,MAC MILLER,Gold, ROSTRUM RECORDS
130,DAMN.,KENDRICK LAMAR,3x Multi-Platinum, TOP DAWG ENTERTAINMENT / AFTERMATH / INTERSCOPE RECORDS
131,SOY EL MISMO,PRINCE ROYCE,4x Multi-Platinum, SONY LATIN
132,PRINCE ROYCE,PRINCE ROYCE,8x Multi-Platinum, SONY LATIN
133,FIVE,PRINCE ROYCE,3x Multi-Platinum, SONY LATIN
134,BEAUTIFUL TRAUMA,P!NK,1x Platinum, RCA RECORDS
135,MY BEAUTIFUL DARK TWISTED FANTASY,KANYE WEST,2x Multi-Platinum, DEF JAM
136,EL CAMINO,THE BLACK KEYS,2x Multi-Platinum, WARNER BROS RECORDS 
137,BROTHERS,THE BLACK KEYS,2x Multi-Platinum, WARNER BROS RECORDS 
138,WINS & LOSSES,MEEK MILL,Gold, ATLANTIC RECORDS
139,V,MAROON 5,3x Multi-Platinum, 222 RECORDS / INTERSCOPE
140,NOTHING WAS THE SAME,DRAKE,4x Multi-Platinum, YOUNG MONEY / CASH MONEY / REPUBLIC RECORDS
141,MAN ON THE MOON II: THE LEGEND OF MR. RAGER,KID CUDI,1x Platinum, REPUBLIC RECORDS
142,GOODBYE LULLABY,AVRIL LAVIGNE,Gold, RCA RECORDS
143,ANTI,RIHANNA,3x Multi-Platinum, WESTBURY ROAD ENTERTAINMENT. DISTRIBUTED BY ROC NATION RECORDS
144,LET GO,AVRIL LAVIGNE,7x Multi-Platinum, RCA RECORDS
145,TALK THAT TALK,RIHANNA,3x Multi-Platinum, DEF JAM
146,THE BEST DAMN THING,AVRIL LAVIGNE,2x Multi-Platinum, RCA RECORDS
147,LOUD,RIHANNA,3x Multi-Platinum, DEF JAM
148,A GIRL LIKE ME,RIHANNA,2x Multi-Platinum, DEF JAM
149,AVRIL LAVIGNE,AVRIL LAVIGNE,Gold, EPIC RECORDS
150,RATED R,RIHANNA,2x Multi-Platinum, DEF JAM
151,GOOD GIRL GONE BAD,RIHANNA,6x Multi-Platinum, DEF JAM RECORDINGS
152,LATE NIGHTS: THE ALBUM,JEREMIH,1x Platinum, DEF JAM RECORDINGS
153,US AND THEM,SHINEDOWN,1x Platinum, ATLANTIC
154,MR. DAVIS,GUCCI MANE,Gold, ATLANTIC RECORDS
155,ELVIS PRESLEY CHRISTMAS DUETS,ELVIS PRESLEY,Gold, RCA NASHVILLE
156,WHITE CHRISTMAS,ELVIS PRESLEY,Gold, RCA RECORDS
157,SALE EL SOL,SHAKIRA,10x Diamond, SONY LATIN
158,HE TOUCHED ME: THE GOSPEL MUSIC OF ELVIS PRESLEY,ELVIS PRESLEY,Gold, RCA RECORDS
159,ELVIS ROCK,ELVIS PRESLEY,Gold, SBME STRATEGIC MARKETING GROUP
160,ELVIS: 30 #1 HITS,ELVIS PRESLEY,6x Multi-Platinum, RCA RECORDS
161,HITSTORY,ELVIS PRESLEY,1x Platinum, BMG HERITAGE
162,PEACE IN THE VALLEY-THE COMPLETE GOSPEL RECORDINGS,ELVIS PRESLEY,Gold, BMG HERITAGE
163,CHRISTMAS PEACE,ELVIS PRESLEY,Gold, RCA / BMG HERITAGE
164,ARTIST OF THE CENTURY,ELVIS PRESLEY,Gold, RCA RECORDS
165,ULTIMATE GOSPEL,ELVIS PRESLEY,1x Platinum, BMG HERITAGE
166,MAN OF THE WOODS,JUSTIN TIMBERLAKE,Gold, RCA
167,TAKE A BACK ROAD,RODNEY ATKINS,Gold, CURB RECORDS
168,IT'S AMERICA,RODNEY ATKINS,Gold, CURB RECORDS
169,VICES & VIRTUES,PANIC! AT THE DISCO,Gold, FUELED BY RAMEN
170,BAREFOOT BLUE JEAN NIGHT,JAKE OWEN,1x Platinum, RCA RECORDS LABEL NASHVILLE
171,THREAT TO SURVIVAL,SHINEDOWN,Gold, ATLANTIC RECORDS
172,UNAPOLOGETIC,RIHANNA,3x Multi-Platinum, DEF JAM
173,PURPOSE,JUSTIN BIEBER,4x Multi-Platinum, DEF JAM RECORDS
174,BRITNEY JEAN,BRITNEY SPEARS,Gold, RCA RECORDS
175,LIFE STARTS NOW,THREE DAYS GRACE,1x Platinum, RCA RECORDS
176,THREE DAYS GRACE,THREE DAYS GRACE,2x Multi-Platinum, RCA RECORDS
177,FENIX,NICKY JAM,11x Diamond, SONY LATIN
178,GOBLIN,TYLER THE CREATOR,Gold, XL RECORDINGS
179,IMMORTALIZED,DISTURBED,1x Platinum, WARNER BROS. RECORDS
180,SKINNY JEANZ & A MIC,NEW BOYZ,Gold, WARNER BROS RECORDS 
181,ONE WISH,WHITNEY HOUSTON,Gold, ARISTA RECORDS
182,MR. MISUNDERSTOOD,ERIC CHURCH,1x Platinum, EMI RECORDS NASHVILLE
183,RAINBOW,KESHA,Gold, RCA RECORDS
184,THE BLACK PARADE,MY CHEMICAL ROMANCE,3x Multi-Platinum, REPRISE
185,THE HUNTING PARTY,LINKIN PARK,1x Platinum, WARNER BROS RECORDS 
186,TAYLOR SWIFT,TAYLOR SWIFT,7x Multi-Platinum," BIG MACHINE RECORDS, INC."
187,FEARLESS,TAYLOR SWIFT,10x Diamond," BIG MACHINE RECORDS, INC."
188,SPEAK NOW,TAYLOR SWIFT,6x Multi-Platinum," BIG MACHINE RECORDS, INC."
189,REPUTATION,TAYLOR SWIFT,3x Multi-Platinum, BIG MACHINE RECORDS
190,1989,TAYLOR SWIFT,9x Multi-Platinum," BIG MACHINE RECORDS, INC."
191,AUTUMN EFFECT,10 YEARS,Gold, REPUBLIC RECORDS
192,THE WRONG SIDE OF HEAVEN AND THE RIGHTEOUS SIDE OF HELL VOLUME 1,FIVE FINGER DEATH PUNCH,1x Platinum, PROSPECT PARK
193,ALL I WANT IS YOU,MIGUEL,1x Platinum, BYSTORM/RCA
194,KALEIDOSCOPE DREAM,MIGUEL,1x Platinum, BYSTORM/RCA
195,AMERICAN CAPITALIST,FIVE FINGER DEATH PUNCH,1x Platinum, PPK
196,HOLIDAY WISHES,IDINA MENZEL,Gold, WARNER BROS RECORDS 
197,AWAKE,SKILLET,2x Multi-Platinum, ARDENT/ATLANTIC
198,YEEEAH BABY,BIG PUNISHER,1x Platinum, RCA/LOUD
199,ARTPOP,LADY GAGA,1x Platinum, STREAMLINE  /  INTERSCOPE
200,HALL OF FAME,BIG SEAN,Gold, DEF JAM RECORDINGS
201,I DECIDED,BIG SEAN,1x Platinum, DEF JAM RECORDINGS
202,FINALLY FAMOUS,BIG SEAN,1x Platinum, DEF JAM RECORDINGS
203,JOANNE,LADY GAGA,1x Platinum, STREAMLINE / INTERSCOPE
204,JUNGLE RULES,FRENCH MONTANA,Gold, EPIC / BAD BOY ENTERTAINMENT
205,I DON'T DANCE,LEE BRICE,Gold, CURB RECORDS
206,LOVE LIKE CRAZY,LEE BRICE,Gold, CURB RECORDS
207,ALL ABOUT YOU,JEREMIH,Gold, DEF JAM RECORDINGS
208,WASTING LIGHT,FOO FIGHTERS,1x Platinum, RCA RECORDS
209,"ECHOES, SILENCE, PATIENCE & GRACE",FOO FIGHTERS,1x Platinum, RCA
210,NEVER TRUST A HAPPY SONG,GROUPLOVE,Gold, CANVASBACK / ATLANTIC
211,#UPDATE,YANDEL,Gold, SONY LATIN
212,TAILGATES & TANLINES,LUKE BRYAN,4x Multi-Platinum, CAPITOL NASHVILLE
213,CRASH MY PARTY,LUKE BRYAN,4x Multi-Platinum, CAPITOL RECORDS
214,HARD 2 LOVE,LEE BRICE,1x Platinum, CURB RECORDS
215,ROCKET MAN - NUMBER ONES,ELTON JOHN,3x Multi-Platinum, ISLAND
216,THE NEW DANGER,MOS DEF,Gold, GEFFEN
217,NEON,CHRIS YOUNG,1x Platinum, RCA RECORDS LABEL
218,AM,ARCTIC MONKEYS,1x Platinum, DOMINO RECORDING COMPANY LTD.
219,"WHATEVER PEOPLE SAY I AM, THAT'S WHAT I'M NOT",ARCTIC MONKEYS,Gold, DOMINO RECORDING COMPANY LTD.
220,OFF THE BEATEN PATH,JUSTIN MOORE,Gold, THE VALORY MUSIC CO
221,OUTLAWS LIKE ME,JUSTIN MOORE,1x Platinum, THE VALORY MUSIC CO
222,JUSTIN MOORE,JUSTIN MOORE,1x Platinum, THE VALORY MUSIC CO
223,GRATEFUL,DJ KHALED,1x Platinum, WE THE BEST / EPIC
224,25,ADELE,11x Diamond, COLUMBIA/XL
225,TRUTH ABOUT LOVE,P!NK,3x Multi-Platinum, RCA RECORDS
226,I'M NOT DEAD,P!NK,2x Multi-Platinum, RCA
227,FUNHOUSE,P!NK,3x Multi-Platinum, RCA
228,DANGER DAYS: THE TRUE LIVES OF THE FABULOUS KILLJOYS,MY CHEMICAL ROMANCE,Gold, REPRISE
229,A THOUSAND SUNS,LINKIN PARK,1x Platinum, WARNER BROS. RECORDS
230,LIVING THINGS,LINKIN PARK,1x Platinum, WARNER BROS. RECORDS
231,THREE CHEERS FOR SWEET REVENGE,MY CHEMICAL ROMANCE,3x Multi-Platinum, REPRISE
232,MINUTES TO MIDNIGHT,LINKIN PARK,4x Multi-Platinum, WARNER BROS. RECORDS
233,HYBRID THEORY,LINKIN PARK,11x Diamond, WARNER BROS RECORDS 
234,METEORA,LINKIN PARK,7x Multi-Platinum, WARNER BROS. RECORDS
235,NOEL,JOSH GROBAN,6x Multi-Platinum, WARNER BROS RECORDS 
236,DARK BEFORE DAWN,BREAKING BENJAMIN,Gold, HOLLYWOOD RECORDS
237,ALL THAT WE NEEDED,PLAIN WHITE T'S,Gold, FEARLESS RECORDS
238,NEON FUTURE I,STEVE AOKI,Gold, ULTRA RECORDS
239,INHUMAN RAMPAGE,DRAGONFORCE,Gold," ROADRUNNER RECORDS, INC."
240,COME WHAT(EVER) MAY,STONE SOUR,1x Platinum, ROADRUNNER RECORDS
241,DREAMS WORTH MORE THAN MONEY,MEEK MILL,1x Platinum, MAYBACH MUSIC GROUP / ATLANTIC RECORDS
242,KILL THE LIGHTS,LUKE BRYAN,2x Multi-Platinum, CAPITOL RECORDS NASHVILLE
243,EL PENTAGONO,DON OMAR,1x Platinum, UNIVERSAL MUSIC LATINO
244,CULTURE,MIGOS,1x Platinum, QUALITY CONTROL MUSIC / 300 ENTERTAINMENT
245,MAN ON THE MOON: THE END OF DAY,KID CUDI,2x Multi-Platinum, UNIVERSAL MOTOWN
246,THE WEIGHT OF THESE WINGS,MIRANDA LAMBERT,1x Platinum, VANNER RECORDS / RCA NASHVILLE
247,18 MONTHS,CALVIN HARRIS,Gold, COLUMBIA
248,WE GOT IT FROM HERE…THANK YOU 4 YOUR SERVICE,A TRIBE CALLED QUEST,Gold, EPIC
249,GET CLOSER,KEITH URBAN,1x Platinum, CAPITOL RECORDS NASHVILLE
250,FUSE,KEITH URBAN,1x Platinum, CAPITOL RECORDS NASHVILLE
251,GREATEST HITS-18 KIDS,KEITH URBAN,1x Platinum, CAPITOL RECORDS NASHVILLE
252,SECTION.80,KENDRICK LAMAR,Gold, TOP DAWG ENTERTAINMENT / EMPIRE
253,LOS VAQUEROS: LA TRILOGIA,WISIN,1x Platinum, SONY LATIN
254,HARDWIRED…TO SELF-DESTRUCT,METALLICA,1x Platinum, BLACKENED RECORDINGS
255,TOBY LOVE,TOBY LOVE,1x Platinum, SONY MUSIC LATIN
256,RIPCORD,KEITH URBAN,1x Platinum, CAPITOL RECORDS NASHVILLE
257,4 YOUR EYEZ ONLY,J. COLE,1x Platinum, DREAMVILLE / ROC NATION
258,ALL THE LITTLE LIGHTS,PASSENGER,1x Platinum, NETTWERK RECORDS
259,DES/AMOR,REIK,Gold, SONY LATIN
260,HAYWIRE,JOSH TURNER,Gold, MCA RECORDS NASHVILLE
261,THE LIFE OF PABLO,KANYE WEST,1x Platinum, DEF JAM
262,THE MARSHALL MATHERS LP 2,EMINEM,4x Multi-Platinum, SHADY / AFTERMATH / INTERSCOPE
263,ALL THE RIGHT REASONS,NICKELBACK,10x Diamond, ROADRUNNER
264,TURN BLUE,THE BLACK KEYS,Gold, NONESUCH
265,BLACK,DIERKS BENTLEY,Gold, CAPITOL RECORDS NASHVILLE
266,LATINA,THALIA,Gold, SONY LATIN
267,BLACKSTAR,DAVID BOWIE,Gold, COLUMBIA
268,THE BIG REVIVAL,KENNY CHESNEY,Gold, BLUE CHAIR RECORDS / COLUMBIA NASHVILLE
269,LUCKY OLD SUN,KENNY CHESNEY,1x Platinum, BNA RECORDS LABEL
270,LIFE ON A ROCK,KENNY CHESNEY,Gold, BLUE CHAIR RECORDS / COLUMBIA NASHVILLE
271,WELCOME TO THE FISHBOWL,KENNY CHESNEY,1x Platinum, BLUE CHAIR RECORDS / COLUMBIA NASHVILLE
272,PAIN KILLER,LITTLE BIG TOWN,1x Platinum, CAPITOL RECORDS NASHVILLE
273,TALK DIRTY,JASON DERULO,1x Platinum, WARNER BROS RECORDS 
274,THE STORY,BRANDI CARLILE,Gold, COLUMBIA LEGACY CAT
275,LITTLE BIT OF LIFE,CRAIG MORGAN,Gold, BROKEN BOW RECORDS
276,HOW COUNTRY FEELS,RANDY HOUSER,Gold, STONEY CREEK RECORDS
277,THOMPSON SQUARE,THOMPSON SQUARE,Gold, STONEY CREEK RECORDS / BROKEN BOW RECORDS
278,WIDE OPEN,JASON ALDEAN,2x Multi-Platinum, BROKEN BOW RECORDS
279,MY KINDA PARTY,JASON ALDEAN,4x Multi-Platinum, BROKEN BOW
280,FUTURE HISTORY,JASON DERULO,Gold, WARNER BROS RECORDS 
281,THIS IS ACTING,SIA,1x Platinum, MONKEY PUZZLE RECORDS / RCA RECORDS
282,JASON DERULO,JASON DERULO,1x Platinum, WARNER BROS RECORDS 
283,FEEL THAT FIRE,DIERKS BENTLEY,Gold, CAPITOL RECORDS NASHVILLE
284,A HEAD FULL OF DREAMS,COLDPLAY,1x Platinum, PARLOPHONE / ATLANTIC RECORDS
285,HOME,DIERKS BENTLEY,Gold, CAPITOL RECORDS NASHVILLE
286,RISER,DIERKS BENTLEY,Gold, CAPITOL RECORDS NASHVILLE
287,STAGES,JOSH GROBAN,Gold, REPRISE
288,ALL THAT ECHOES,JOSH GROBAN,Gold, REPRISE
289,EVERYTHING IS 4,JASON DERULO,Gold, WARNER BROS RECORDS 
290,DWIGHT YOAKAM: THE VERY BEST OF,DWIGHT YOAKAM,1x Platinum, RHINO
291,BLOWN AWAY,CARRIE UNDERWOOD,2x Multi-Platinum, 19 RECORDINGS LIMITED / ARISTA NASHVILLE
292,CARNIVAL RIDE,CARRIE UNDERWOOD,4x Multi-Platinum, ARISTA
293,PLAY ON,CARRIE UNDERWOOD,3x Multi-Platinum, ARISTA NASHVILLE
294,SOME HEARTS,CARRIE UNDERWOOD,8x Multi-Platinum, ARISTA NASHVILLE
295,STORYTELLER,CARRIE UNDERWOOD,1x Platinum, 19 RECORDINGS LIMITED / ARISTA NASHVILLE
296,THE WRONG SIDE OF HEAVEN AND THE RIGHTEOUS SIDE OF HELL VOLUME 2,FIVE FINGER DEATH PUNCH,Gold, PROSPECT PARK
297,CURTAIN CALL: THE HITS,EMINEM,7x Multi-Platinum, AFTERMATH
298,UPTOWN SPECIAL,MARK RONSON,1x Platinum, RCA RECORDS
299,BLAKE SHELTON'S BARN AND GRILL,BLAKE SHELTON,1x Platinum, WARNER BROS
300,BRINGING BACK THE SUNSHINE,BLAKE SHELTON,1x Platinum, WARNER BROS.
301,RED RIVER BLUE,BLAKE SHELTON,2x Multi-Platinum, WARNER BROS.
302,DANGEROUS,YANDEL,1x Platinum, SONY LATIN
303,BASED ON A TRUE STORY. . .,BLAKE SHELTON,2x Multi-Platinum, WARNER BROS
304,19,ADELE,3x Multi-Platinum, XL RECORDINGS / COLUMBIA
305,21,ADELE,14x Diamond, COLUMBIA
306,CAROLINA,ERIC CHURCH,1x Platinum, EMI RECORDS NASHVILLE
307,CHIEF,ERIC CHURCH,3x Multi-Platinum, EMI RECORDS NASHVILLE
308,SOME MAD HOPE,MATT NATHANSON,Gold, VANGUARD
309,IF I'M HONEST,BLAKE SHELTON,Gold, WARNER BROS
310,CHUTES TOO NARROW,THE SHINS,Gold, SUB POP
311,WELCOME TO THE NEW,MERCYME,Gold, FAIR TRADE SERVICES
312,JEKYLL + HYDE,ZAC BROWN BAND,1x Platinum, JOHN VARVATOS / REPUBLIC RECORDS
313,3.0,MARC ANTHONY,8x Multi-Platinum, US LATIN
314,CAGE THE ELEPHANT,CAGE THE ELEPHANT,1x Platinum, RCA RECORDS
315,THE FOUNDATION,ZAC BROWN BAND,5x Multi-Platinum, HOMEGROWN / ATLANTIC RECORDS
316,GOT YOUR SIX,FIVE FINGER DEATH PUNCH,Gold, PROSPECT PARK
317,I'M COMIN' OVER,CHRIS YOUNG,Gold, RCA NASHVILLE
318,BACK TO BEDLAM,JAMES BLUNT,3x Multi-Platinum, ATLANTIC RECORDS
319,PORT OF MIAMI,RICK ROSS,1x Platinum, DEF JAM
320,"PASSION, PAIN & PLEASURE",TREY SONGZ,1x Platinum, ATLANTIC RECORDS
321,CHAPTER V,TREY SONGZ,Gold, ATLANTIC RECORDS
322,COUNTRY GRAMMAR,NELLY,10x Diamond, REPUBLIC RECORDS
323,TREY DAY,TREY SONGZ,Gold, ATLANTIC RECORDS
324,HUNTER HAYES,HUNTER HAYES,2x Multi-Platinum, ATLANTIC RECORDS
325,PEACE IS THE MISSION,MAJOR LAZER,Gold, MAD DECENT PROTOCOL
326,LOVESTRONG.,CHRISTINA PERRI,1x Platinum, ATLANTIC RECORDS
327,LOVE IS A FOUR LETTER WORD,JASON MRAZ,1x Platinum, ATLANTIC RECORDS
328,MR. A-Z,JASON MRAZ,Gold, ATLANTIC RECORDS
329,RISE,SKILLET,Gold, ATLANTIC RECORDS
330,DEAR AGONY,BREAKING BENJAMIN,1x Platinum, HOLLYWOOD RECORDS
331,TRIGGA,TREY SONGZ,1x Platinum, ATLANTIC RECORDS
332,"WE SING, WE DANCE, WE STEAL THINGS",JASON MRAZ,3x Multi-Platinum, ATLANTIC RECORDS
333,CONFIDENT,DEMI LOVATO,Gold, HOLLYWOOD RECORDS & ISLAND RECORDS
334,ABSOLUTION,MUSE,1x Platinum, WARNER BROS RECORDS 
335,BLACK HOLES AND REVELATIONS,MUSE,1x Platinum, WARNER BROS RECORDS 
336,RESISTANCE,MUSE,1x Platinum, WARNER BROS RECORDS 
337,STADIUM ARCADIUM,RED HOT CHILI PEPPERS,3x Multi-Platinum, WARNER BROS. RECORDS
338,THE 2ND LAW,MUSE,Gold, WARNER BROS RECORDS 
339,CRADLESONG,ROB THOMAS,Gold, ATLANTIC RECORDS
340,DA REALIST,PLIES,Gold, BIG GATES / SLIP N SLIDE / ATLANTIC RECORDS
341,THE SOUND OF MADNESS,SHINEDOWN,2x Multi-Platinum, ATLANTIC RECORDS
342,NORTH,MATCHBOX TWENTY,Gold, ATLANTIC RECORDS
343,ROLLING PAPERS,WIZ KHALIFA,2x Multi-Platinum, ATLANTIC RECORDS
344,YOUNG THE GIANT,YOUNG THE GIANT,Gold," ROADRUNNER RECORDS, INC."
345,+,ED SHEERAN,2x Multi-Platinum, ATLANTIC RECORDS
346,O.N.I.F.C.,WIZ KHALIFA,1x Platinum, ATLANTIC RECORDS
347,X,ED SHEERAN,4x Multi-Platinum, ATLANTIC RECORDS
348,SOMETHING TO BE,ROB THOMAS,2x Multi-Platinum, ATLANTIC RECORDS
349,TO BE LOVED,MICHAEL BUBLE,1x Platinum, WARNER BROS RECORDS 
350,UNORTHODOX JUKEBOX,BRUNO MARS,4x Multi-Platinum, ATLANTIC RECORDS
351,DOO-WOPS & HOOLIGANS,BRUNO MARS,5x Multi-Platinum, ELEKTRA
352,OXYMORON,SCHOOLBOY Q,1x Platinum, TDE/INTERSCOPE
353,SOME NIGHTS,FUN.,3x Multi-Platinum, FUELED BY RAMEN
354,THE GIFTED,WALE,Gold, ATLANTIC RECORDS
355,THE BLESSED UNREST,SARA BAREILLES,Gold, EPIC
356,THE STATE VS. RADRIC DAVIS,GUCCI MANE,Gold, WARNER BROS. RECORDS
357,DON'T YOU FAKE IT,THE RED JUMPSUIT APPARATUS,1x Platinum, VIRGIN
358,DREAMS & NIGHTMARES,MEEK MILL,Gold, MAYBACH MUSIC GROUP / ATLANTIC RECORDS
359,ATTACK & RELEASE,THE BLACK KEYS,Gold, WARNER BROS RECORDS 
360,COMATOSE,SKILLET,1x Platinum, ATLANTIC RECORDS
361,BELIEVE,JUSTIN BIEBER,3x Multi-Platinum, DEF JAM RECORDINGS
362,BELIEVE ACOUSTIC,JUSTIN BIEBER,Gold, DEF JAM RECORDINGS
363,JUST AS I AM,BRANTLEY GILBERT,1x Platinum, THE VALORY MUSIC CO
364,A.M.,CHRIS YOUNG,Gold, RCA RECORDS LABEL NASHVILLE
365,LISTEN,DAVID GUETTA,Gold, ATLANTIC RECORDS
366,THE GREATEST HITS 1970-2002,ELTON JOHN,6x Multi-Platinum, UTV
367,TO BE CONTINUED,ELTON JOHN,2x Multi-Platinum, ISLAND
368,BLACK PANTIES,R. KELLY,Gold, RCA
369,THE OUTSIDERS,NEEDTOBREATHE,Gold, ATLANTIC RECORDS
370,F.A.M.E.,CHRIS BROWN,2x Multi-Platinum, JIVE
371,BASED ON A T.R.U. STORY,2 CHAINZ,1x Platinum, DEF JAM
372,X,CHRIS BROWN,1x Platinum, RCA
373,FORTUNE,CHRIS BROWN,1x Platinum, RCA
374,SET YOU FREE,GARY ALLAN,Gold, MCA NASHVILLE
375,PINK FRIDAY: ROMAN RELOADED,NICKI MINAJ,2x Multi-Platinum, YOUNG MONEY / CASH MONEY / REPUBLIC RECORDS
376,WHO YOU ARE,JESSIE J,1x Platinum, REPUBLIC RECORDS / LAVA
377,PARAMORE,PARAMORE,1x Platinum, FUELED BY RAMEN / ATLANTIC
378,BRAND NEW EYES,PARAMORE,1x Platinum, FUELED BY RAMEN / ATLANTIC
379,RIOT!,PARAMORE,2x Multi-Platinum, FUELED BY RAMEN / ATLANTIC
380,PINK FRIDAY,NICKI MINAJ,3x Multi-Platinum, YOUNG MONEY / CASH MONEY / REPUBLIC RECORDS
381,IF YOU'RE READING THIS IT'S TOO LATE,DRAKE,2x Multi-Platinum, YOUNG MONEY / CASH MONEY / REPUBLIC RECORDS
382,WILDFIRE,RACHEL PLATTEN,Gold, COLUMBIA
383,ONE-X,THREE DAYS GRACE,3x Multi-Platinum, RCA
384,ESSENTIAL ELVIS,ELVIS PRESLEY,1x Platinum, RCA/LEGACY
385,ESSENTIAL LEONARD COHEN,LEONARD COHEN,Gold, COLUMBIA/LEGACY
386,THE ESSENTIAL BRUCE SPRINGSTEEN,BRUCE SPRINGSTEEN,2x Multi-Platinum, COLUMBIA/LEGACY
387,THE ESSENTIAL LUTHER VANDROSS,LUTHER VANDROSS,1x Platinum, EPIC/LEGACY
388,THE ESSENTIAL WILLIE NELSON,WILLIE NELSON,1x Platinum, COLUMBIA NASHVILLE / LEGACY
389,MEGALITHIC SYMPHONY,AWOLNATION,1x Platinum, RED BULL RECORDS
390,PIECE BY PIECE,KELLY CLARKSON,Gold, RCA
391,AMERICAN BEAUTY/AMERICAN PSYCHO,FALL OUT BOY,1x Platinum, ISLAND RECORDS
392,BECAUSE THE INTERNET,CHILDISH GAMBINO,Gold, GLASSNOTE ENTERTAINMENT GROUP LLC
393,SAVE ROCK AND ROLL,FALL OUT BOY,1x Platinum, ISLAND
394,MORNING PHASE,BECK,Gold, CAPITOL RECORDS
395,THE PINKPRINT,NICKI MINAJ,2x Multi-Platinum, CASH MONEY / YOUNG MONEY / REPUBLIC RECORDS
396,BORN SINNER,J. COLE,1x Platinum, ROC NATION / COLUMBIA
397,COLE WORLD: THE SIDELINE STORY,J. COLE,1x Platinum, ROC NATION / COLUMBIA
398,MAGAZINES OR NOVELS,ANDY GRAMMER,Gold, S-CURVE RECORDS
399,TO PIMP A BUTTERFLY,KENDRICK LAMAR,1x Platinum, TOP DAWG ENTERTAINMENT / INTERSCOPE
400,WAR IS THE ANSWER,FIVE FINGER DEATH PUNCH,1x Platinum, PPK
401,PLATINUM,MIRANDA LAMBERT,1x Platinum, RCA NASHVILLE
402,AMBITION,WALE,Gold, ATLANTIC URBAN
403,DARK SKY PARADISE,BIG SEAN,1x Platinum, DEF JAM
404,GHOST STORIES,COLDPLAY,1x Platinum, ATLANTIC RECORDS
405,GREATEST HITS: DECADE #1,CARRIE UNDERWOOD,1x Platinum, 19 RECORDINGS LIMITED / ARISTA NASHVILLE
406,FEARLESS,JAZMINE SULLIVAN,Gold, RCA
407,1000 FORMS OF FEAR,SIA,Gold, RCA / MONKEY PUZZLE
408,SATURATE,BREAKING BENJAMIN,Gold, HOLLYWOOD RECORDS
409,TEENAGE DREAM,KATY PERRY,3x Multi-Platinum, CAPITOL
410,PRISM,KATY PERRY,2x Multi-Platinum, CAPITOL RECORDS
411,CAMA INCENDIADA,MANA,1x Platinum, WARNER LATINA
412,THE GENEROUS MR. LOVEWELL,MERCYME,Gold, FAIR TRADE SERVICES
413,GREATEST HITS,ICE CUBE,Gold, PRIORITY
414,COLLEGE DROP OUT,KANYE WEST,3x Multi-Platinum, ROC-A-FELLA / DEF JAM
415,A QUIEN QUIERA ESCUCHAR,RICKY MARTIN,1x Platinum, US LATIN
416,GREATEST HITS/ULTIMATE COLLECTION,BON JOVI,1x Platinum, ISLAND
417,THE INFORMATION,BECK,Gold, INTERSCOPE
418,ULTRAVIOLENCE,LANA DEL REY,Gold, INTERSCOPE
419,NATIVE,ONEREPUBLIC,1x Platinum, MOSLEY MUSIC  /  INTERSCOPE RECORDS
420,LOADED: THE BEST OF BLAKE SHELTON,BLAKE SHELTON,1x Platinum, WARNER BROS.
421,SHADYXV,EMINEM,Gold, SHADY RECORDS /  INTERSCOPE RECORDS
422,"OLD BOOTS, NEW DIRT",JASON ALDEAN,1x Platinum, BROKEN BOW RECORDS
423,TROUBLE,RAY LAMONTAGNE,Gold, RCA
424,4x4=12,DEADMAU5,Gold, ULTRA MUSIC
425,ALBUM II,KEM,1x Platinum, MOTOWN
426,AMARYLLIS,SHINEDOWN,Gold, ATLANTIC RECORDS
427,NIGHT TRAIN,JASON ALDEAN,2x Multi-Platinum, BROKEN BOW
428,XSCAPE,MICHAEL JACKSON,Gold, EPIC
429,DEMI,DEMI LOVATO,Gold, HOLLYWOOD RECORDS
430,SEX AND LOVE,ENRIQUE IGLESIAS,2x Multi-Platinum, UNIVERSAL MUSIC LATINO /  UNIVERSAL REPUBLIC
431,GIRL,PHARRELL WILLIAMS,Gold, COLUMBIA
432,CORAZON,SANTANA,2x Multi-Platinum, RCA RECORDS
433,BEYONCE,BEYONCE,2x Multi-Platinum, COLUMBIA
434,LOVE IS EVERYTHING,GEORGE STRAIT,Gold, MCA NASHVILLE
435,ALL WE KNOW IS FALLING,PARAMORE,Gold, FUELED BY RAMEN
436,HAIL TO THE KING,AVENGED SEVENFOLD,Gold, WARNER BROS. RECORDS
437,READY,TREY SONGZ,1x Platinum, ATLANTIC RECORDS
438,AMERICAN RIDE,TOBY KEITH,Gold, SHOW DOG - UNIVERSAL MUSIC
439,HALFWAY TO HEAVEN,BRANTLEY GILBERT,1x Platinum, THE VALORY MUSIC CO
440,LOVE IN THE FUTURE,JOHN LEGEND,Gold, COLUMBIA
441,TORCHES,FOSTER THE PEOPLE,1x Platinum, COLUMBIA
442,DISCLAIMER II,SEETHER,1x Platinum, THE BICYCLE MUSIC COMPANY
443,DE LIDER A LEYENDA,YANDEL,Gold, SONY LATIN
444,TRUE BELIEVERS,DARIUS RUCKER,Gold, CAPITOL RECORDS NASHVILLE
445,RANDOM ACCESS MEMORIES,DAFT PUNK,1x Platinum, COLUMBIA
446,BLAKE SHELTON,BLAKE SHELTON,1x Platinum, WARNER MUSIC NASHVILLE
447,LASERS,LUPE FIASCO,Gold, ATLANTIC RECORDS
448,HERE AND NOW,NICKELBACK,1x Platinum," ROADRUNNER RECORDS, INC."
449,CORAZON PROFUNDO,CARLOS VIVES,Gold, US LATIN
450,NUMBER 1'S,PRINCE ROYCE,1x Platinum, TOP STOP MUSIC
451,BORN TO DIE,LANA DEL REY,1x Platinum, INTERSCOPE
452,FOUR THE RECORD,MIRANDA LAMBERT,1x Platinum, RCA NASHVILLE
453,YEEZUS,KANYE WEST,1x Platinum, DEF JAM
454,THE FRAY,THE FRAY,1x Platinum, EPIC
455,WRAPPED IN RED,KELLY CLARKSON,1x Platinum, RCA RECORDS
456,A MARY CHRISTMAS,MARY J. BLIGE,Gold, VERVE
457,HERE WE GO AGAIN,DEMI LOVATO,Gold, HOLLYWOOD RECORDS
458,THE BEST OF ANITA BAKER,ANITA BAKER,1x Platinum, RHINO
459,TWO LANES OF FREEDOM,TIM MCGRAW,Gold," BIG MACHINE RECORDS, INC."
460,GOLDEN,LADY ANTEBELLUM,Gold, CAPITOL NASHVILLE
461,UNCAGED,ZAC BROWN BAND,1x Platinum, ATLANTIC RECORDS / SOUTHERN GROUND
462,TROUBLE MAN: HEAVY IS THE HEAD,T.I.,Gold, ATLANTIC RECORDS
463,THE 20/20 EXPERIENCE 2 OF 2,JUSTIN TIMBERLAKE,1x Platinum, RCA RECORDS
464,PIONEER,THE BAND PERRY,Gold, REPUBLIC NASHVILLE
465,PASSIONE,ANDREA BOCELLI,Gold, VERVE
466,UNBROKEN,DEMI LOVATO,Gold, HOLLYWOOD RECORDS
467,I AM NOT A HUMAN BEING II,LIL WAYNE,Gold, UNIVERSAL REPUBLIC / CASH MONEY
468,CALIFORNIA 37,TRAIN,Gold, COLUMBIA
469,TORNADO,LITTLE BIG TOWN,1x Platinum, CAPITOL RECORDS NASHVILLE
470,DOIN MY THING,LUKE BRYAN,1x Platinum, CAPITOL RECORDS NASHVILLE
471,HELL ON HEELS,PISTOL ANNIES,Gold, RCA RECORDS LABEL NASHVILLE
472,GREATEST HITS - CHAPTER ONE,KELLY CLARKSON,Gold, RCA RECORDS
473,NOTHING BUT THE BEAT,DAVID GUETTA,Gold, CAPITOL RECORDS
474,SPRING BREAK . . . HERE TO PARTY,LUKE BRYAN,Gold, CAPITOL RECORDS NASHVILLE
475,THE ULTIMATE COLLECTION,MICHAEL JACKSON,1x Platinum, LEGACY
476,GREATEST HITS: HISTORY VOLUME 1,MICHAEL JACKSON,1x Platinum, LEGACY
477,NUMBER ONES,MICHAEL JACKSON,4x Multi-Platinum, LEGACY
478,DECEMBERUNDERGROUND,AFI,1x Platinum, GEFFEN
479,THE 20/20 EXPERIENCE,JUSTIN TIMBERLAKE,2x Multi-Platinum, RCA RECORDS
480,I'LL STAY ME,LUKE BRYAN,Gold, CAPITOL RECORDS NASHVILLE
481,NEED YOU NOW,LADY ANTEBELLUM,4x Multi-Platinum, CAPITOL RECORDS NASHVILLE
482,PRESTIGE,DADDY YANKEE,Gold, UNIVERSAL MUSIC LATINO / EL CARTEL RECORDS
483,REBEL SOUL,KID ROCK,Gold, ATLANTIC
484,AMERICAN IDIOT,GREEN DAY,6x Multi-Platinum, REPRISE
485,OVEREXPOSED,MAROON 5,1x Platinum, 222 RECORDS / INTERSCOPE
486,GIRL ON FIRE,ALICIA KEYS,Gold, RCA RECORDS
487,GRRR!,THE ROLLING STONES,Gold, UNIVERSAL MUSIC ENTERPRISES
488,HABITAME SIEMPRE,THALIA,Gold, SONY LATIN
489,ON THIS WINTER'S NIGHT,LADY ANTEBELLUM,Gold, CAPITOL RECORDS NASHVILLE
490,GREATEST HITS,SARA EVANS,Gold, RCA RECORDS LABEL NASHVILLE
491,GREATEST HITS II,KENNY CHESNEY,1x Platinum, BNA RECORDS LABEL
492,CHRISTMAS WITH SCOTTY MCCREERY,SCOTTY MCCREERY,Gold, MERCURY / 19 / INTERSCOPE
493,LA MUSICA NO SE TOCA,ALEJANDRO SANZ,Gold, UNIVERSAL MUSIC LATINO
494,"CHEERS, IT'S CHRISTMAS",BLAKE SHELTON,Gold, WARNER BROS. RECORDS
495,AWAY FROM THE WORLD,DAVE MATTHEWS BAND,Gold, RCA RECORDS
496,MDNA,MADONNA,Gold, INTERSCOPE
497,RELENTLESS,JASON ALDEAN,1x Platinum, BROKEN BOW
498,PHASE II,PRINCE ROYCE,1x Platinum, TOP STOP RECORDS
499,STRONGER,KELLY CLARKSON,1x Platinum, RCA RECORDS
500,"GOD FORGIVES, I DON'T",RICK ROSS,Gold, DEF JAM
501,BORN & RAISED,JOHN MAYER,Gold, COLUMBIA
502,A DIFFERENT ME,KEYSHIA COLE,1x Platinum, INTERSCOPE / GEFFEN / A&M
503,TR3S PRESENTS JUANES MTV UNPLUGGED,JUANES,Gold, UNIVERSAL MUSIC LATINO
504,"AMERICAN MAN, GREATEST HITS VOL. 2",TRACE ADKINS,1x Platinum, CAPITOL RECORDS NASHVILLE
505,I'M WITH YOU,RED HOT CHILI PEPPERS,Gold, WARNER BROS. RECORDS
506,PLANET PIT,PITBULL,Gold, RCA RECORDS
507,GREATEST HITS,RED HOT CHILI PEPPERS,2x Multi-Platinum, WARNER BROS.
508,MY PAPER HEART,FRANCESCA BATTISTELLI,Gold, FERVENT / WORD / CURB
509,BLACKOUT,BRITNEY SPEARS,1x Platinum, JIVE
510,GREATEST HITS: SO FAR!!!,P!NK,1x Platinum, LAFACE
511,WHITNEY: THE GREATEST HITS,WHITNEY HOUSTON,5x Multi-Platinum, ARISTA
512,MAKING MIRRORS,GOTYE,Gold, UNIVERSAL REPUBLIC
513,CHANGED,RASCAL FLATTS,Gold," BIG MACHINE RECORDS, INC."
514,TUSKEGEE,LIONEL RICHIE,1x Platinum, MERCURY
515,INTIMACY,KEM,Gold, UNIVERSAL MOTOWN
516,DRAMA Y LUZ,MANA,2x Multi-Platinum, WARNER MUSIC LATINA
517,ENJOY YOURSELF,BILLY CURRINGTON,Gold, MERCURY
518,MY LIFE II THE JOURNEY CONTINUES (ACT 1),MARY J. BLIGE,Gold, GEFFEN / MATRIARCH
519,DUETS II,TONY BENNETT,1x Platinum, RPM/COLUMBIA
520,CLANCY'S TAVERN,TOBY KEITH,Gold, SHOW DOG - UNIVERSAL MUSIC
521,"PLATINUM COLLECTION, VOL. 1-3",QUEEN,2x Multi-Platinum, HOLLYWOOD RECORDS
522,THE LAST,AVENTURA,4x Multi-Platinum, PREMIUM LATIN
523,HELLO FEAR,KIRK FRANKLIN,Gold, GOSPO CENTRIC
524,SORRY FOR PARTY ROCKING,LMFAO,Gold, INTERSCOPE / CHERRY TREE / WILL.I.AM MUSIC GROUP / PARTY ROCK
525,WAKING UP,ONEREPUBLIC,Gold, INTERSCOPE
526,HANDS ALL OVER,MAROON 5,1x Platinum, A&M/OCTONE
527,THE BEST OF ANDREA BOCELLI VIVERE,ANDREA BOCELLI,1x Platinum, DECCA LABEL GROUP
528,CONCERTO ONE NIGHT,ANDREA BOCELLI,Gold, DECCA LABEL GROUP
529,CLEAR AS DAY,SCOTTY MCCREERY,1x Platinum, MERCURY NASHVILLE
530,NUMBER ONE HITS,TIM MCGRAW,1x Platinum, CURB
531,BREAK THE SPELL,DAUGHTRY,Gold, RCA RECORDS
532,MY WORLD 2.0,JUSTIN BIEBER,3x Multi-Platinum, ISLAND
533,UNDER THE MISTLETOE,JUSTIN BIEBER,1x Platinum, ISLAND
534,SOMEONE TO WATCH OVER ME,SUSAN BOYLE,Gold, SYCO MUSIC / COLUMBIA RECORDS
535,THE BAND PERRY,THE BAND PERRY,1x Platinum," BIG MACHINE RECORDS, INC."
536,BORN THIS WAY,LADY GAGA,2x Multi-Platinum, INTERSCOPE
537,MYLO XYLOTO,COLDPLAY,1x Platinum, CAPITOL RECORDS
538,THA CARTER IV,LIL WAYNE,2x Multi-Platinum, UNIVERSAL REPUBLIC
539,THE SUBURBS,ARCADE FIRE,Gold, MERGE RECORDS
540,OWN THE NIGHT,LADY ANTEBELLUM,1x Platinum, CAPITOL NASHVILLE
541,FUNERAL,ARCADE FIRE,Gold, MERGE RECORDS
542,THE ORACLE,GODSMACK,Gold, UNIVERSAL MOTOWN
543,EUPHORIA,ENRIQUE IGLESIAS,2x Multi-Platinum, UNIVERSAL REPUBLIC
544,THE VERY BEST OF LOVE,ELVIS PRESLEY,Gold, RCA
545,ELVIS CHRISTMAS,ELVIS PRESLEY,Gold, RCA RECORDS
546,GREATEST HITS 3,TIM MCGRAW,Gold, CURB
547,HEMINGWAY'S WHISKEY,KENNY CHESNEY,1x Platinum, BNA RECORDS
548,THE SPIRIT ROOM,MICHELLE BRANCH,2x Multi-Platinum, MAVERICK
549,RECOVERY,EMINEM,3x Multi-Platinum, SHADY / AFTERMATH / INTERSCOPE
550,4,BEYONCE,1x Platinum, PARKWOOD ENTERTAINMENT / COLUMBIA
551,NOTHING LIKE THIS,RASCAL FLATTS,1x Platinum," BIG MACHINE RECORDS, INC."
552,THIS IS COUNTRY MUSIC,BRAD PAISLEY,Gold, ARISTA NASHVILLE
553,PASS THE JAR,ZAC BROWN BAND,Gold, HOMEGROWN / ATLANTIC RECORDS
554,BORN FREE,KID ROCK,1x Platinum, ATLANTIC
555,NEVER SAY NEVER - THE REMIXES,JUSTIN BIEBER,1x Platinum, ISLAND
556,ALMA + MUSICA + SEXO,RICKY MARTIN,Gold, SONY LATIN
557,FEMME FATALE,BRITNEY SPEARS,1x Platinum, JIVE
558,SCARS & SOUVENIRS,THEORY OF A DEADMAN,1x Platinum, ROADRUNNER
559,I REMEMBER ME,JENNIFER HUDSON,Gold, ARISTA
560,VIVA EL PRINCIPE,CRISTIAN CASTRO,2x Multi-Platinum, UNIVERSAL MUSIC LATINO
561,ARMANDO,PITBULL,Gold," MR. 305, DISTRIBUTED BY SONY MUSIC LATIN"
562,ALMA + MUSICA + SEXO (DELUXE EDITION),RICKY MARTIN,1x Platinum, SONY LATIN
563,WAY OF THE FIST,FIVE FINGER DEATH PUNCH,Gold, PPK
564,ASYLUM,DISTURBED,Gold, REPRISE
565,BTR,BIG TIME RUSH,Gold, COLUMBIA / NICKELODEON JV
566,GREATEST HITS,GUNS N' ROSES,Gold, GEFFEN
567,THE MARSHALL MATHERS LP,EMINEM,10x Diamond, AFTERMATH  /  INTERSCOPE
568,THE EMINEM SHOW,EMINEM,10x Diamond, AFTERMATH  /  INTERSCOPE
569,APPEAL TO REASON,RISE AGAINST,Gold, UNIVERSAL MUSIC ENTERPRISES
570,LOVE LETTER,R. KELLY,Gold, JIVE
571,COME AROUND SUNDOWN,KINGS OF LEON,Gold, RCA
572,IS THIS IT,THE STROKES,1x Platinum, RCA
573,21ST CENTURY BREAKDOWN,GREEN DAY,1x Platinum, REPRISE
574,HITS ALIVE,BRAD PAISLEY,Gold, ARISTA NASHVILLE
575,34 NUMBER ONES,ALAN JACKSON,Gold, ARISTA NASHVILLE
576,CRAZY LOVE,MICHAEL BUBLE,2x Multi-Platinum, REPRISE
577,"CHARLESTON, SC 1966",DARIUS RUCKER,Gold, LIBERTY
578,DON'T FORGET,DEMI LOVATO,Gold, HOLLYWOOD
579,WHITE BLOOD CELLS,THE WHITE STRIPES,1x Platinum, WARNER BROS RECORDS / THIRD MAN RECORDS
580,ONLY BY THE NIGHT,KINGS OF LEON,2x Multi-Platinum, RCA
581,ILLUMINATIONS,JOSH GROBAN,1x Platinum, 143 / REPRISE
582,MICHAEL,MICHAEL JACKSON,1x Platinum, EPIC
583,NIGHTMARE,AVENGED SEVENFOLD,Gold, WARNER BROS.
584,NO MERCY,T.I.,Gold, GRAND HUSTLE / ATLANTIC
585,THE INCREDIBLE MACHINE,SUGARLAND,1x Platinum, MERCURY
586,"GLEE: THE MUSIC, VOL 4",GLEE CAST,Gold, COLUMBIA
587,LITTLE VOICE,SARA BAREILLES,1x Platinum, EPIC
588,MERRY CHRISTMAS II YOU,MARIAH CAREY,Gold, ISLAND
589,GROWING PAINS,MARY J. BLIGE,1x Platinum, GEFFEN
590,STRONGER WITH EACH TEAR,MARY J. BLIGE,Gold, GEFFEN
591,THE PROMISE,BRUCE SPRINGSTEEN,Gold, COLUMBIA
592,"GLEE: THE MUSIC, THE CHRISTMAS ALBUM",GLEE CAST,1x Platinum, COLUMBIA
593,THE GIFT,SUSAN BOYLE,3x Multi-Platinum, COLUMBIA
594,I AM NOT A HUMAN BEING,LIL WAYNE,Gold, UNIVERSAL MOTOWN
595,LADY ANTEBELLUM,LADY ANTEBELLUM,2x Multi-Platinum, CAPITOL NASHVILLE
596,TEFLON DON,RICK ROSS,Gold, MAYBACH MUSIC / SLIP N' SLIDE / DEF JAM
597,DISCOVERY,DAFT PUNK,Gold, EMI CATALOG
598,TELEPHANTASM,SOUNDGARDEN,1x Platinum, UNIVERSAL MUSIC ENTERPRISES
599,DEFYING GRAVITY,KEITH URBAN,1x Platinum, LIBERTY
600,WOLFGANG AMADEUS PHOENIX,PHOENIX,Gold, LOYAUTE / GLASSNOTE
601,"SAVE ME, SAN FRANCISCO",TRAIN,Gold, COLUMBIA
602,"GLEE: THE MUSIC, VOLUME 1",GLEE CAST,1x Platinum, COLUMBIA
603,RELAPSE,EMINEM,2x Multi-Platinum, INTERSCOPE / AFTERMATH / SHADY / GOLIATH / WEB RECORDS
604,50 GREATEST LOVE SONGS,ELVIS PRESLEY,Gold, RCA
605,"GLEE: THE MUSIC, VOLUME 3 SHOWSTOPPERS",GLEE CAST,Gold, COLUMBIA
606,BATTLE STUDIES,JOHN MAYER,1x Platinum, COLUMBIA
607,DARK HORSE,NICKELBACK,3x Multi-Platinum, ROADRUNNER
608,ULTIMATE SANTANA,SANTANA,Gold, ARISTA
609,THANK ME LATER,DRAKE,1x Platinum, UNIVERSAL MOTOWN
610,TO THE SEA,JACK JOHNSON,Gold, UNIVERSAL MOTOWN
611,AMERICAN SATURDAY NIGHT,BRAD PAISLEY,Gold, ARISTA NASHVILLE
612,SO FAR GONE,DRAKE,Gold, UNIVERSAL MOTOWN
613,DEATH MAGNETIC,METALLICA,2x Multi-Platinum, WARNER BROS.
614,FOR YOUR ENTERTAINMENT,ADAM LAMBERT,Gold, RCA RECORDS
615,RAYMOND V RAYMOND,USHER,1x Platinum, LAFACE
616,BATTLE OF THE SEXES,LUDACRIS,Gold, DISTURBING THA PEACE / DEF JAM
617,THE POINT OF IT ALL,ANTHONY HAMILTON,Gold, SO SO DEF
618,BLACK GIVES WAY TO BLUE,ALICE IN CHAINS,Gold, CAPITOL
619,STILL STANDING,MONICA,Gold, J RECORDS
620,ENJOY THE RIDE,SUGARLAND,3x Multi-Platinum, MERCURY NASHVILLE
621,ALL THAT IS WITHIN ME,MERCYME,Gold, INO RECORDS
622,TIME OF OUR LIVES,MILEY CYRUS,1x Platinum, HOLLYWOOD
623,OCEAN EYES,OWL CITY,1x Platinum, UNIVERSAL REPUBLIC
624,THE E.N.D.,THE BLACK EYED PEAS,2x Multi-Platinum, INTERSCOPE
625,LITTLE BIT OF EVERYTHING,BILLY CURRINGTON,Gold, MERCURY NASHVILLE
626,BREAKTHROUGH,COLBIE CAILLAT,Gold, UNIVERSAL REPUBLIC
627,SOLDIER OF LOVE,SADE,1x Platinum, COLUMBIA
628,KALA,M.I.A.,Gold, INTERSCOPE / XL RECORDINGS
629,REBIRTH,LIL WAYNE,Gold, UNIVERSAL MOTOWN
630,THE FAME,LADY GAGA,3x Multi-Platinum, STREAMLINE / KONLIVE / CHERRYTREE / INTERSCOPE
631,LEAVE THIS TOWN,DAUGHTRY,1x Platinum, RCA RECORDS
632,GOOD TIME,ALAN JACKSON,1x Platinum, ARISTA
633,THE FAME MONSTER,LADY GAGA,1x Platinum, STREAMLINE / KONLIVE / CHERRYTREE / INTERSCOPE
634,THE FALL,NORAH JONES,1x Platinum, BLUE NOTE
635,BACKSPACER,PEARL JAM,Gold, MONKEYWRENCH
636,ALVIN AND THE CHIPMUNKS: THE SQUEAKQUEL,ALVIN AND THE CHIPMUNKS,Gold, RHINO
637,BEFORE I SELF DESTRUCT,50 CENT,Gold, SHADY / AFTERMATH / INTERSCOPE
638,SOUTHERN VOICE,TIM MCGRAW,Gold, CURB
639,BLACKsummers'night,MAXWELL,1x Platinum, COLUMBIA
640,THE ELEMENT OF FREEDOM,ALICIA KEYS,1x Platinum, J RECORDS
641,MY WORLD,JUSTIN BIEBER,1x Platinum, ISLAND
642,THE CIRCLE,BON JOVI,Gold, ISLAND
643,"GLEE: THE MUSIC, VOLUME 2",GLEE CAST,Gold, COLUMBIA
644,I DREAMED A DREAM,SUSAN BOYLE,4x Multi-Platinum, COLUMBIA
645,MI NAVIDAD,ANDREA BOCELLI,Gold, SIENTE MUSIC
646,MEMOIRS OF AN IMPERFECT ANGEL,MARIAH CAREY,Gold, ISLAND
647,MY CHRISTMAS,ANDREA BOCELLI,2x Multi-Platinum, DECCA
648,MICHAEL JACKSON'S THIS IS IT,MICHAEL JACKSON,2x Multi-Platinum, EPIC
649,IF ON A WINTER'S NIGHT,STING,Gold, DECCA
650,I LOOK TO YOU,WHITNEY HOUSTON,1x Platinum, ARISTA
651,CELEBRATION,MADONNA,Gold, WARNER BROS.
652,MI PLAN,NELLY FURTADO,1x Platinum, UNIVERSAL MUSIC  /  NELSTAR
653,TWICE THE SPEED OF LIFE,SUGARLAND,3x Multi-Platinum, MERCURY NASHVILLE
654,NO LINE ON THE HORIZON,U2,1x Platinum, INTERSCOPE RECORDS  /  MERCURY MUSIC GROUP  /  ISLAND
655,ORACULAR SPECTACULAR,MGMT,Gold, COLUMBIA
656,IN A PERFECT WORLD,KERI HILSON,Gold, INTERSCOPE / ZONE 4 / MOSLEY MUSIC GROUP
657,THE BATTLE FOR EVERYTHING,FIVE FOR FIGHTING,1x Platinum, COLUMBIA
658,LOVE ON THE INSIDE,SUGARLAND,2x Multi-Platinum, MERCURY NASHVILLE
659,TWANG,GEORGE STRAIT,Gold, MCA NASHVILLE
660,CITY OF EVIL,AVENGED SEVENFOLD,1x Platinum, WARNER BROS.
661,PAPER TRAIL,T.I.,2x Multi-Platinum, GRAND HUSTLE
662,BIG WHISKEY AND THE GROOGRUX KING,DAVE MATTHEWS BAND,1x Platinum, RCA
663,LEARN TO LIVE,DARIUS RUCKER,1x Platinum, CAPITOL NASHVILLE
664,COCO,COLBIE CAILLAT,2x Multi-Platinum, UNIVERSAL MOTOWN
665,UNSTOPPABLE,RASCAL FLATTS,1x Platinum, LYRIC STREET
666,WAKING THE FALLEN,AVENGED SEVENFOLD,Gold, HOPELESS RECORDS
667,ROCK N ROLL JESUS,KID ROCK,3x Multi-Platinum, ATLANTIC
668,THE OPEN DOOR,EVANESCENCE,2x Multi-Platinum, WIND-UP RECORDS
669,WE WERE DEAD BEFORE THE SHIP EVEN SANK,MODEST MOUSE,Gold, LEGACY / EPIC
670,SOLD OUT AT MADISON SQUARE GARDEN,AVENTURA,8x Multi-Platinum, SONY LATIN
671,TROUBADOUR,GEORGE STRAIT,1x Platinum, MCA NASHVILLE
672,FIJACION ORAL VOLUMEN 1,SHAKIRA,1x Platinum, EPIC
673,PHOBIA,BREAKING BENJAMIN,1x Platinum, HOLLYWOOD
674,INTUITION,JAMIE FOXX,1x Platinum, J RECORDS
675,TALENTO DE BARRIO,DADDY YANKEE,2x Multi-Platinum, EL CARTEL / INTERSCOPE
676,THE REMINDER,FEIST,Gold, CHERRYTREE / INTERSCOPE / POLYDOR
677,INDESTRUCTIBLE,DISTURBED,1x Platinum, WARNER BROS RECORDS 
678,EL CARTEL: THE BIG BOSS,DADDY YANKEE,3x Multi-Platinum, EL CARTEL / INTERSCOPE
679,"THE REAL THING (WORDS AND SOUNDS, VOLUME 3)",JILL SCOTT,Gold, HIDDEN BEACH RECORDS
680,SIREN SONG OF THE COUNTER CULT,RISE AGAINST,Gold, GEFFEN
681,MOON AND ANTARTICA,MODEST MOUSE,Gold, EPIC
682,SAVING ABEL,SAVING ABEL,Gold, VIRGIN
683,PURE BS,BLAKE SHELTON,Gold, WARNER BROS.
684,WORKING ON A DREAM,BRUCE SPRINGSTEEN,Gold, COLUMBIA
685,BLUE MOON,STEVE HOLY,Gold, CURB
686,"THA CARTER, VOL. 3",LIL WAYNE,3x Multi-Platinum, CASH MONEY / UNIVERSAL
687,ONE OF THE BOYS,KATY PERRY,1x Platinum, CAPITOL
688,"CHARLIE, LAST NAME WILSON",CHARLIE WILSON,Gold, JIVE
689,NARROW STAIRS,DEATH CAB FOR CUTIE,Gold, ATLANTIC
690,CHINESE DEMOCRACY,GUNS N' ROSES,Gold, GEFFEN
691,HIGHWAY COMPANION,TOM PETTY,Gold, AMERICAN
692,DAVID ARCHULETA,DAVID ARCHULETA,Gold, JIVE
693,CIRCUS,BRITNEY SPEARS,1x Platinum, JIVE
694,808S & HEARTBREAK,KANYE WEST,1x Platinum, ROC-A-FELLA / DEF JAM
695,FOLIE A DEUX,FALL OUT BOY,Gold, ISLAND
696,THEATER OF THE MIND,LUDACRIS,Gold, DEF JAM / DISTURBING THA PEACE
697,DAY & AGE,THE KILLERS,Gold, ISLAND
698,DAVID COOK,DAVID COOK,1x Platinum, RCA
699,HERE I STAND,USHER,1x Platinum, LAFACE
700,EVOLVER,JOHN LEGEND,Gold, COLUMBIA
701,I AM SASHA FIERCE,BEYONCE,2x Multi-Platinum, MUSIC WORLD / COLUMBIA
702,BRASS KNUCKLES,NELLY,Gold, DERRTY / UNIVERSAL MOTOWN
703,AND WINTER CAME,ENYA,Gold, REPRISE
704,TAKE IT TO THE LIMIT,HINDER,Gold, UNIVERSAL REPUBLIC
705,POCKETFUL OF SUNSHINE,NATASHA BEDINGFIELD,Gold, EPIC
706,JORDIN SPARKS,JORDIN SPARKS,1x Platinum, JIVE
707,NOTHING BUT THE BEST,FRANK SINATRA,Gold, FSA / SINATRA AUDIO
708,GREATEST HITS,LEE ANN WOMACK,Gold, MCA NASHVILLE
709,JOY TO THE WORLD,FAITH HILL,Gold, WARNER BROS.
710,THAT DON'T MAKE ME A BAD GUY,TOBY KEITH,Gold, SHOW DOG NASHVILLE
711,CLASSIC SINATRA,FRANK SINATRA,2x Multi-Platinum, CAPITOL
712,GREATEST HITS,CREED,2x Multi-Platinum, WIND-UP RECORDS
713,JENNIFER HUDSON,JENNIFER HUDSON,Gold, ARISTA
714,CONFESSIONS,USHER,10x Diamond, SO SO DEF
715,VIVA LA VIDA,COLDPLAY,2x Multi-Platinum, CAPITOL
716,WHO WE ARE,LIFEHOUSE,Gold, GEFFEN
717,THE ULTIMATE LUTHER VANDROSS,LUTHER VANDROSS,Gold, RCA RECORDS
718,FINAL STRAW,SNOW PATROL,Gold, A&M
719,A LITTLE BIT LONGER,JONAS BROTHERS,1x Platinum, HOLLYWOOD
720,BREAKOUT,MILEY CYRUS,1x Platinum, HOLLYWOOD
721,EYES OPEN,SNOW PATROL,1x Platinum, A&M
722,DEFINITION OF REAL,PLIES,Gold, SLIP N SLIDE  /  ATLANTIC
723,BIG DOG DADDY,TOBY KEITH,Gold, SHOW DOG NASHVILLE
724,THE STATE,NICKELBACK,1x Platinum, ROADRUNNER
725,PALABRAS DEL SILENCIO,LUIS FONSI,1x Platinum, UNIVERSAL MUSIC LATINO
726,SET THIS CIRCUS DOWN,TIM MCGRAW,3x Multi-Platinum, CURB
727,IN TIME:  THE BEST OF R.E.M. 1988-2003,R.E.M.,1x Platinum, WARNER BROS.
728,BELIEVE,DISTURBED,2x Multi-Platinum, REPRISE
729,IT'S TIME,MICHAEL BUBLE,3x Multi-Platinum, REPRISE
730,AVENGED SEVENFOLD,AVENGED SEVENFOLD,Gold, WARNER BROS.
731,LIVING HARD,GARY ALLAN,Gold, MCA NASHVILLE
732,GREATEST HITS VOL 1,TIM MCGRAW,6x Multi-Platinum, CURB
733,COCKY,KID ROCK,5x Multi-Platinum, LAVA
734,SUFFERER AND WITNESS,RISE AGAINST,Gold, GEFFEN
735,IT WON'T BE SOON BEFORE LONG,MAROON 5,2x Multi-Platinum, A&M/OCTONE
736,TOBY KEITH 35 BIGGEST HITS,TOBY KEITH,1x Platinum, UNIVERSAL MUSIC ENTERPRISES
737,EVERY SIX SECONDS,SALIVA,1x Platinum, ISLAND/MERCURY
738,THIRSTY,MARVIN SAPP,Gold, VERITY
739,E=MC2,MARIAH CAREY,1x Platinum, ISLAND
740,ARDE EL CIELO,MANA,2x Multi-Platinum, WARNER MUSIC LATINA
741,THE EARLY YEARS: 1997-2000,SWITCHFOOT,Gold, RETHINK
742,SPIRIT,LEONA LEWIS,1x Platinum, J RECORDS
743,3 DOORS DOWN,3 DOORS DOWN,Gold, UNIVERSAL REPUBLIC
744,FINDING BEAUTY IN NEGATIVE SPACES,SEETHER,Gold, WIND-UP RECORDS
745,FALLEN,EVANESCENCE,7x Multi-Platinum, WIND-UP RECORDS
746,HARD CANDY,MADONNA,Gold, WARNER BROS.
747,RESULTS MAY VARY,LIMP BIZKIT,1x Platinum, INTERSCOPE
748,HEADSTRONG,ASHLEY TISDALE,Gold, WARNER BROS.
749,STILL FEELS GOOD,RASCAL FLATTS,2x Multi-Platinum, LYRIC STREET
750,TRILLA,RICK ROSS,Gold, DEF JAM
751,95/08 EXITOS,ENRIQUE IGLESIAS,2x Multi-Platinum, UNIVERSAL MUSIC LATINO
752,JOSE FELICIANO Y AMIGOS,JOSE FELICIANO,Gold, SIENTE MUSIC
753,TRANSATLANTICISM,DEATH CAB FOR CUTIE,Gold, BARSUK RECORDS
754,WELCOME TO THE DOLLHOUSE,DANITY KANE,Gold, ATLANTIC
755,GREATEST HITS,SHANIA TWAIN,4x Multi-Platinum, MERCURY NASHVILLE
756,LUPE FIASCO'S THE COOL,LUPE FIASCO,Gold, ATLANTIC
757,5TH GEAR,BRAD PAISLEY,1x Platinum, ARISTA NASHVILLE
758,"OH, INVERTED WORLD",THE SHINS,Gold, SUB POP
759,IN RAINBOWS,RADIOHEAD,Gold, ATO RECORDS
760,BACK TO BLACK,AMY WINEHOUSE,2x Multi-Platinum, UNIVERSAL RECORDS
761,SLEEP THROUGH THE STATIC,JACK JOHNSON,1x Platinum, BRUSHFIRE / UNIVERSAL
762,DREAMING OUT LOUD,ONEREPUBLIC,Gold, INTERSCOPE
763,SEAN KINGSTON,SEAN KINGSTON,Gold, EPIC / BELUGA HEIGHTS  /  KOCH
764,TAKING CHANCES,CELINE DION,1x Platinum, COLUMBIA
765,PLANS,DEATH CAB FOR CUTIE,1x Platinum, ATLANTIC
766,THE MAKING OF A MAN,JAHEIM,Gold, ATLANTIC
767,FLYLEAF,FLYLEAF,1x Platinum, A&M/OCTONE
768,THE VERY BEST OF THE EAGLES,EAGLES,5x Multi-Platinum, WARNER STRATEGIC MARKETING
769,THEM VS. YOU VS. ME,FINGER ELEVEN,Gold, WIND-UP RECORDS
770,FEELS LIKE TODAY,RASCAL FLATTS,5x Multi-Platinum, LYRIC STREET
771,AWAKE,JOSH GROBAN,2x Multi-Platinum, REPRISE
772,UNPLUGGED,ALICIA KEYS,1x Platinum, J RECORDS
773,EXTREME BEHAVIOR,HINDER,3x Multi-Platinum, UNIVERSAL
774,BACK OF MY LAC,J. HOLIDAY,Gold, CAPITOL
775,LO MEJOR DE ANDREA BOCELLI,ANDREA BOCELLI,1x Platinum, UNIVERSAL MUSIC LATINO
776,15,BUCKCHERRY,1x Platinum, ELEVEN SEVEN MUSIC
777,EL TREN DE LOS MOMENTOS,ALEJANDRO SANZ,1x Platinum, WARNER MUSIC LATINA
778,AMAR ES COMBATIR,MANA,Gold, WARNER MUSIC LATINA
779,BOYS LIKE GIRLS,BOYS LIKE GIRLS,Gold, COLUMBIA
780,FUTURESEX/LOVESOUNDS,JUSTIN TIMBERLAKE,4x Multi-Platinum, JIVE
781,22 MORE HITS,GEORGE STRAIT,Gold, MCA NASHVILLE
782,MELT,RASCAL FLATTS,3x Multi-Platinum, LYRIC STREET
783,LONG ROAD OUT OF EDEN,EAGLES,7x Multi-Platinum, EAGLES RECORDING COMPANY II
784,AS I AM,ALICIA KEYS,3x Multi-Platinum, J RECORDS
785,BLACK RAIN,OZZY OSBOURNE,Gold, EPIC
786,JONAS BROTHERS,JONAS BROTHERS,1x Platinum, HOLLYWOOD
787,50 #1's,GEORGE STRAIT,7x Multi-Platinum, MCA NASHVILLE
788,MY DECEMBER,KELLY CLARKSON,1x Platinum, RCA RECORDS
789,EXILE ON MAINSTREAM,MATCHBOX TWENTY,Gold, ATLANTIC
790,ALL THE LOST SOULS,JAMES BLUNT,Gold, ATLANTIC
791,JUST LIKE YOU,KEYSHIA COLE,1x Platinum, INTERSCOPE
792,JUST WHO I AM: POETS & PIRATES,KENNY CHESNEY,1x Platinum, BNA RECORDS LABEL
793,SHOCK VALUE,TIMBALAND,1x Platinum, BLACKGROUND
794,"ALRIGHT, STILL",LILY ALLEN,Gold, CAPITOL
795,DUSK AND SUMMER,DASHBOARD CONFESSIONAL,Gold, VAGRANT RECORDS
796,EVERYTHING IS FINE,JOSH TURNER,Gold, MCA NASHVILLE
797,LIVE IN TEXAS,LINKIN PARK,1x Platinum, WARNER BROS.
798,GREATEST HITS,GARY ALLAN,Gold, MCA
799,BEGIN TO HOPE,REGINA SPEKTOR,Gold, SIRE
800,KONVICTED,AKON,3x Multi-Platinum, UNIVERSAL
801,GREATEST HITS VOL 2,TIM MCGRAW,2x Multi-Platinum, CURB
802,MAGIC,BRUCE SPRINGSTEEN,1x Platinum, COLUMBIA
803,UNTITLED,KORN,Gold, CAPITOL
804,FINDING FOREVER,COMMON,Gold, G.O.O.D MUSIC
805,BY THE WAY,RED HOT CHILI PEPPERS,2x Multi-Platinum, WARNER BROS.
806,GRADUATION,KANYE WEST,2x Multi-Platinum, DEF JAM
807,LOST HIGHWAY,BON JOVI,1x Platinum, MERCURY NASHVILLE
808,A HUNDRED MILES OR MORE: A COLLECTION,ALISON KRAUSS,Gold, ROUNDER
809,ELLIOTT YAMIN,ELLIOTT YAMIN,Gold, HICKORY RECORDS
810,WINCING THE NIGHT AWAY,THE SHINS,Gold, SUB POP
811,21 NUMBER ONES,KENNY ROGERS,Gold, CAPITOL NASHVILLE
812,WAKING UP LAUGHING,MARTINA MCBRIDE,Gold, RCA NASHVILLE
813,COMING UP TO BREATHE,MERCYME,Gold, INO RECORDS
814,T.I. VS T.I.P.,T.I.,1x Platinum, GRAND HUSTLE
815,REAL FINE PLACE,SARA EVANS,1x Platinum, RCA NASHVILLE
816,EL INDOMABLE,CRISTIAN CASTRO,1x Platinum, UNIVERSAL MUSIC LATINO
817,GOD'S PROJECT,AVENTURA,4x Multi-Platinum, PREMIUM LATIN
818,KOB LIVE,AVENTURA,6x Multi-Platinum, PREMIUM LATIN
819,MAN WITH A MEMORY,JOE NICHOLS,1x Platinum, UNIVERSAL SOUTH
820,AS CRUEL AS SCHOOL CHILDREN,GYM CLASS HEROES,Gold, FUELED BY RAMEN
821,ICKY THUMP,THE WHITE STRIPES,Gold, WARNER BROS.
822,FROM NOTHIN' TO SOMETHIN',FABOLOUS,Gold, DEF JAM
823,CALL ME IRRESPONSIBLE,MICHAEL BUBLE,1x Platinum, REPRISE
824,DIGNITY,HILARY DUFF,Gold, HOLLYWOOD
825,DOUBLE UP,R. KELLY,1x Platinum, ZOMBA
826,EVERY SECOND COUNTS,PLAIN WHITE T'S,Gold, HOLLYWOOD
827,SWEET ESCAPE,GWEN STEFANI,1x Platinum, INTERSCOPE
828,FANTASIA,FANTASIA,Gold, J RECORDS
829,LATE NIGHT SPECIAL,PRETTY RICKY,Gold, ATLANTIC
830,LUVANMUSIQ,MUSIQ,Gold, ATLANTIC
831,TRAP MUZIK,T.I.,1x Platinum, ATLANTIC
832,BREAKAWAY,KELLY CLARKSON,6x Multi-Platinum, RCA RECORDS
833,LET IT GO,TIM MCGRAW,1x Platinum, CURB
834,INTRODUCING JOSS STONE,JOSS STONE,Gold, VIRGIN
835,DOIN' SOMETHIN' RIGHT,BILLY CURRINGTON,1x Platinum, MERCURY NASHVILLE
836,STREET LOVE,LLOYD,Gold, THE INC.
837,B'DAY,BEYONCE,3x Multi-Platinum, COLUMBIA
838,THE BREAKTHROUGH,MARY J. BLIGE,3x Multi-Platinum, GEFFEN
839,STRAIGHT OUTTA LYNWOOD,"""WEIRD AL"" YANKOVIC",Gold, VOLCANO
840,NOTHING WITHOUT YOU,SMOKIE NORFUL,Gold, EMI GOSPEL
841,NOT TOO LATE,NORAH JONES,2x Multi-Platinum, BLUE NOTE
842,THE EVOLUTION OF ROBIN THICKE,ROBIN THICKE,1x Platinum, STAR TRAK / INTERSCOPE
843,ANDREA,ANDREA BOCELLI,1x Platinum, PHILLIPS
844,IF YOU'RE GOING THROUGH HELL,RODNEY ATKINS,1x Platinum, CURB
845,INFINITY ON HIGH,FALL OUT BOY,1x Platinum, DEF JAM
846,JASON ALDEAN,JASON ALDEAN,1x Platinum, BROKEN BOW
847,GREATEST HITS,LEANN RIMES,1x Platinum, CURB
848,KEROSENE,MIRANDA LAMBERT,1x Platinum, EPIC NASHVILLE
849,YOUR MAN,JOSH TURNER,2x Multi-Platinum, MCA NASHVILLE
850,THE ROAD TO HERE,LITTLE BIG TOWN,1x Platinum, EQUITY
851,FOILED,BLUE OCTOBER,1x Platinum, UNIVERSAL
852,THA BLUE CARPET TREATMENT,SNOOP DOGG,Gold, GEFFEN
853,ME AND MY GANG,RASCAL FLATTS,4x Multi-Platinum, LYRIC STREET
854,JOSH GROBAN WITH YOU,JOSH GROBAN,Gold, HALLMARK
855,COMING HOME,LIONEL RICHIE,Gold, MERCURY
856,THE BEST OF WHAT'S AROUND VOL. 1,DAVE MATTHEWS BAND,Gold, RCA
857,KING OF KINGS,DON OMAR,Gold, MACHETE MUSIC
858,THE ROAD AND THE RADIO,KENNY CHESNEY,3x Multi-Platinum, BNA RECORDS LABEL
859,THE PRICE OF FAME,BOW WOW,Gold, COLUMBIA
860,SMALL TOWN GIRL,KELLIE PICKLER,Gold, BNA RECORDS LABEL
861,TAYLOR HICKS,TAYLOR HICKS,1x Platinum, ARISTA
862,LIKE RED ON A ROSE,ALAN JACKSON,Gold, ARISTA NASHVILLE
863,LIVE THOSE SONGS AGAIN,KENNY CHESNEY,Gold, BNA RECORDS LABEL
864,THE EVOLUTION,CIARA,1x Platinum, LAFACE
865,FEVER TO TELL,YEAH YEAH YEAHS,Gold, INTERSCOPE
866,HOW TO SAVE A LIFE,THE FRAY,2x Multi-Platinum, EPIC
867,MY KIND OF LIVIN,CRAIG MORGAN,Gold, BROKEN BOW
868,TIME WELL WASTED,BRAD PAISLEY,2x Multi-Platinum, ARISTA NASHVILLE
869,TAKING THE LONG WAY,DIXIE CHICKS,2x Multi-Platinum, COLUMBIA
870,LIGHT GRENADES,INCUBUS,Gold, EPIC
871,LOOSE,NELLY FURTADO,1x Platinum, GEFFEN
872,TAKE THE WEATHER WITH YOU,JIMMY BUFFETT,Gold, RCA
873,MTV UNPLUGGED,RICKY MARTIN,2x Multi-Platinum, SONY BMG NORTE
874,GEORGE STRAIT FRESH CUT CHRISTMAS,GEORGE STRAIT,1x Platinum, HALLMARK
875,HERO,KIRK FRANKLIN,1x Platinum, VERITY  /  GOSPO CENTRIC  /  ZOMBA
876,CLOSER,JOSH GROBAN,5x Multi-Platinum, REPRISE
877,"LOVE, PAIN & THE WHOLE CRAZY THING",KEITH URBAN,1x Platinum, CAPITOL NASHVILLE
878,THE PHOENIX,LYFE JENNINGS,Gold, SONY URBAN / COLUMBIA
879,THESE DAYS,VINCE GILL,1x Platinum, MCA NASHVILLE
880,DUETS AN AMERICAN CLASSIC,TONY BENNETT,1x Platinum, RPM/COLUMBIA
881,LOVE SONGS: A COMPILATION.. OLD AND NEW,PHIL COLLINS,Gold, RHINO
882,AMOR,ANDREA BOCELLI,2x Multi-Platinum, VENEMUSIC  /  UNIVERSAL MUSIC LATINO
883,ONCE AGAIN,JOHN LEGEND,1x Platinum, COLUMBIA
884,CORINNE BAILEY RAE,CORINNE BAILEY RAE,1x Platinum, CAPITOL
885,IT JUST COMES NATURAL,GEORGE STRAIT,1x Platinum, MCA NASHVILLE
886,LONG TRIP ALONE,DIERKS BENTLEY,Gold, CAPITOL NASHVILLE
887,PRESS PLAY,DIDDY,Gold, BAD BOY
888,DANITY KANE,DANITY KANE,1x Platinum, BAD BOY
889,BACK TO BASICS,CHRISTINA AGUILERA,1x Platinum, RCA RECORDS
890,20 Y.O.,JANET JACKSON,1x Platinum, VIRGIN RECORDS
891,CHAPTER V,STAIND,1x Platinum, ATLANTIC
892,ANANDA,PAULINA RUBIO,2x Multi-Platinum, UNIVERSAL MUSIC LATINO
893,SAM'S TOWN,THE KILLERS,1x Platinum, ISLAND RECORDS
894,RELEASE THERAPY,LUDACRIS,1x Platinum, DEF JAM
895,A THOUSAND DIFFERENT WAYS,CLAY AIKEN,Gold, RCA
896,BE HERE,KEITH URBAN,4x Multi-Platinum, CAPITOL NASHVILLE
897,HOODSTAR,CHINGY,Gold, CAPITOL
898,BEST OF BOWIE,DAVID BOWIE,1x Platinum, VIRGIN
899,JUMP BACK: THE BEST OF THE ROLLING STONES,THE ROLLING STONES,1x Platinum, VIRGIN
900,HERE FOR THE PARTY,GRETCHEN WILSON,5x Multi-Platinum, EPIC NASHVILLE
901,GOODIES,CIARA,3x Multi-Platinum, LAFACE
902,EYE TO THE TELESCOPE,KT TUNSTALL,1x Platinum, VIRGIN
903,REVELATIONS,AUDIOSLAVE,Gold, EPIC
904,SONGS ABOUT ME,TRACE ADKINS,2x Multi-Platinum, CAPITOL NASHVILLE
905,A PUBLIC AFFAIR,JESSICA SIMPSON,Gold, EPIC
906,AMAR ES COMBATIR,MANA,4x Multi-Platinum, WARNER MUSIC LATINA
907,IDLEWILD,OUTKAST,1x Platinum, LAFACE/ZOMBA
908,GREATEST HITS: SOMETHING TO BE PROUD OF,MONTGOMERY GENTRY,Gold, COLUMBIA NASHVILLE
909,GREATEST HITS: THE BEST OF INXS,INXS,Gold, RHINO/ATLANTIC
910,DANGEROUS MAN,TRACE ADKINS,Gold, CAPITOL NASHVILLE
911,LIVE AT THE GREEK,JOSH GROBAN,Gold, REPRISE
912,"GREATEST HITS, VOL. 1",TRACE ADKINS,1x Platinum, CAPITOL NASHVILLE
913,THE DREAMER,BLAKE SHELTON,Gold, WARNER BROS. NASHVILLE
914,THE BIG BANG,BUSTA RHYMES,Gold, INTERSCOPE
915,PEARL JAM,PEARL JAM,Gold, J RECORDS
916,"LAUGH NOW, CRY LATER",ICE CUBE,Gold, LENCH MOB PRODUCTIONS
917,NEW JOC CITY,YUNG JOC,Gold, BAD BOY
918,TAKE THIS TO YOUR GRAVE,FALL OUT BOY,Gold, FUELED BY RAMEN
919,AWAY FROM THE SUN,3 DOORS DOWN,4x Multi-Platinum, UNIVERSAL RECORDS
920,VOYAGE TO INDIA,INDIA.ARIE,1x Platinum, MOTOWN
921,"TESTIMONY, VOL 1: LIFE & RELATIONSHIP",INDIA.ARIE,Gold, MOTOWN
922,PRECIOUS MEMORIES,ALAN JACKSON,1x Platinum, ARISTA NASHVILLE
923,WORSHIP & FAITH,RANDY TRAVIS,Gold, WORD
924,KING OF KINGS,DON OMAR,4x Multi-Platinum, MACHETE MUSIC
925,MOST KNOWN UNKNOWN,THREE 6 MAFIA,1x Platinum, COLUMBIA
926,IV,GODSMACK,Gold, REPUBLIC / UNIVERSAL
927,3121,PRINCE,Gold, NPG/UNIVERSAL
928,GET RIGHT WITH THE MAN,VAN ZANT,Gold, COLUMBIA NASHVILLE
929,ANATOMY OF THE TONGUE IN CHEEK,RELIENT K,Gold, GOTEE RECORDS
930,EVERY MAN FOR HIMSELF,HOOBASTANK,Gold, ISLAND
931,LOUDER NOW,TAKING BACK SUNDAY,Gold, WARNER BROS.
932,AUDIOSLAVE,AUDIOSLAVE,3x Multi-Platinum, EPIC
933,WHAT'S LEFT OF ME,NICK LACHEY,Gold, JIVE/ZOMBA
934,SEE IF I CARE,GARY ALLAN,1x Platinum, MCA NASHVILLE
935,SPEAKERBOXXX / THE LOVE BELOW,OUTKAST,11x Diamond, SO SO DEF
936,WE SHALL OVERCOME: THE SEEGER SESSIONS,BRUCE SPRINGSTEEN,Gold, COLUMBIA
937,DANIEL POWTER,DANIEL POWTER,Gold, WARNER BROS.
938,IN MY MIND,HEATHER HEADLEY,Gold, RCA RECORDS
939,THE SOUND OF REVENGE,CHAMILLIONAIRE,1x Platinum, UNIVERSAL RECORDS
940,WHITE TRASH WITH MONEY,TOBY KEITH,1x Platinum, SHOW DOG NASHVILLE
941,BARRIO FINO EN DIRECTO,DADDY YANKEE,Gold, UNIVERSAL MUSIC LATINO / EL CARTEL RECORDS
942,THE TRINITY,SEAN PAUL,1x Platinum, ATLANTIC
943,REALITY CHECK,JUVENILE,Gold, ATLANTIC
944,KING,T.I.,1x Platinum, ATLANTIC
945,GREATEST HITS,LUTHER VANDROSS,1x Platinum, EPIC
946,MARTINA,MARTINA MCBRIDE,2x Multi-Platinum, RCA NASHVILLE
947,YOUTH,MATISYAHU,Gold, EPIC
948,AMORE,ANDREA BOCELLI,1x Platinum, DECCA
949,AIN'T NOBODY WORRYIN',ANTHONY HAMILTON,Gold, SO SO DEF
950,ORAL FIXATION VOLUME 2,SHAKIRA,1x Platinum, EPIC
951,DEMON DAYS,GORILLAZ,2x Multi-Platinum, VIRGIN RECORDS
952,THIRTEENTH STEP,A PERFECT CIRCLE,1x Platinum, VIRGIN RECORDS
953,UNPREDICTABLE,JAMIE FOXX,2x Multi-Platinum, J RECORDS
954,"THA CARTER, VOL. 2",LIL WAYNE,1x Platinum, CASH MONEY
955,III,JOE NICHOLS,Gold, UNIVERSAL SOUTH
956,LIVE LIKE YOU WERE DYING,TIM MCGRAW,4x Multi-Platinum, CURB
957,GHETTO CLASSICS,JAHEIM,Gold, WARNER BROS.
958,ON TOP OF OUR GAME,DEM FRANCHIZE BOYZ,Gold, VIRGIN
959,SEE YOU ON THE OTHER SIDE,KORN,1x Platinum, VIRGIN
960,LIGHTS AND SOUNDS,YELLOWCARD,Gold, CAPITOL
961,SING THE SORROW,AFI,1x Platinum, DREAMWORKS
962,IN BETWEEN DREAMS,JACK JOHNSON,2x Multi-Platinum, UNIVERSAL RECORDS
963,UNWRITTEN,NATASHA BEDINGFIELD,Gold, EPIC
964,ALL THAT I AM,SANTANA,Gold, ARISTA
965,THE REAL THING,BO BICE,Gold, RCA
966,WITH LOVE,MICHAEL BUBLE,Gold, HALLMARK
967,LIVE AT STUBBS,MATISYAHU,Gold, EPIC
968,LATE REGISTRATION,KANYE WEST,3x Multi-Platinum, ROC-A-FELLA
969,THE EMANCIPATION OF MIMI,MARIAH CAREY,6x Multi-Platinum, ISLAND RECORDS
970,THE WAY IT IS,KEYSHIA COLE,1x Platinum, A&M
971,REIK,REIK,1x Platinum, SONY BMG NORTE
972,YOU COULD HAVE IT SO MUCH BETTER,FRANZ FERDINAND,Gold, EPIC/DOMINO
973,FROM UNDER THE CORK TREE,FALL OUT BOY,2x Multi-Platinum, ISLAND RECORDS
974,ANY TIME NOW,O.A.R.,Gold, EVERFINE RECORDS
975,UNDER MY SKIN,AVRIL LAVIGNE,3x Multi-Platinum, RCA RECORDS
976,SWEATSUIT,NELLY,Gold, UNIVERSAL
977,FIREFLIES,FAITH HILL,2x Multi-Platinum, WARNER BROS.
978,DIAS FELICES,CRISTIAN CASTRO,1x Platinum, UNIVERSAL MUSIC LATINO
979,GREATEST HITS 2,TOBY KEITH,3x Multi-Platinum, DREAMWORKS
980,LIFE GOES ON,DONELL JONES,Gold, LAFACE/ZOMBA
981,MUSIC OF THE SUN,RIHANNA,Gold, DEF JAM
982,THE ONE,FRANKIE J,1x Platinum, COLUMBIA
983,WHAT THE GAME'S BEEN MISSING,JUELZ SANTANA,Gold, DEF JAM
984,MONKEY BUSINESS,THE BLACK EYED PEAS,3x Multi-Platinum, A&M
985,WILDFLOWER,SHERYL CROW,1x Platinum, A&M
986,WANTED,BOW WOW,1x Platinum, COLUMBIA
987,TOUGH ALL OVER,GARY ALLAN,Gold, MCA NASHVILLE
988,THE MASSACRE,50 CENT,5x Multi-Platinum, AFTERMATH  /  INTERSCOPE
989,I AM ME,ASHLEE SIMPSON,1x Platinum, GEFFEN
990,MARY MARY,MARY MARY,Gold, COLUMBIA
991,A TIME TO LOVE,STEVIE WONDER,Gold, MOTOWN
992,"LOVE, ANGEL, MUSIC, BABY",GWEN STEFANI,3x Multi-Platinum, INTERSCOPE
993,MAKE BELIEVE,WEEZER,1x Platinum, GEFFEN
994,AMARANTINE,ENYA,1x Platinum, REPRISE
995,CONFESSIONS ON A DANCE FLOOR,MADONNA,1x Platinum, WARNER BROS.
996,HYPNOTIZE,SYSTEM OF A DOWN,1x Platinum, COLUMBIA
997,TIMELESS,MARTINA MCBRIDE,1x Platinum, RCA NASHVILLE
998,THE DAY AFTER,TWISTA,Gold, ATLANTIC
999,GREATEST HITS: THE ROAD LESS TRAVELED,MELISSA ETHERIDGE,Gold, ISLAND
1000,ALL THE WAY...A DECADE OF SONG,CELINE DION,7x Multi-Platinum, 550 MUSIC/EPIC
1001,HAVE A NICE DAY,BON JOVI,1x Platinum, ISLAND
1002,MODERN DAY DRIFTER,DIERKS BENTLEY,1x Platinum, CAPITOL NASHVILLE
1003,THE ESSENTIAL SANTANA,SANTANA,Gold, COLUMBIA
1004,X&Y,COLDPLAY,3x Multi-Platinum, CAPITOL
1005,HOT FUSS,THE KILLERS,3x Multi-Platinum, ISLAND
1006,GREATEST HITS,ALICE IN CHAINS,Gold, COLUMBIA
1007,THERE'S MORE WHERE THAT CAME FROM,LEE ANN WOMACK,Gold, MCA NASHVILLE
1008,A DAY WITHOUT RAIN,ENYA,7x Multi-Platinum, REPRISE
1009,MUSIC,MADONNA,3x Multi-Platinum, WARNER BROS.
1010,REARVIEWMIRROR,PEARL JAM,1x Platinum, EPIC
1011,MICHAEL BUBLE,MICHAEL BUBLE,1x Platinum, REPRISE
1012,EL SEXTO SENTIDO,THALIA,2x Multi-Platinum, EMI LATIN
1013,"GREATEST HITS, VOL. 1",KORN,1x Platinum, EPIC
1014,LIBRA,TONI BRAXTON,Gold, BLACKGROUND
1015,ALL JACKED UP,GRETCHEN WILSON,1x Platinum, EPIC NASHVILLE
1016,YOU DO YOUR THING,MONTGOMERY GENTRY,1x Platinum, COLUMBIA NASHVILLE
1017,SWEET RIGHT HERE,SHEDAISY,Gold, LYRIC STREET
1018,LEAVE A WHISPER,SHINEDOWN,1x Platinum, ATLANTIC
1019,THE PEOPLE'S CHAMP,PAUL WALL,1x Platinum, ATLANTIC
1020,JASPER COUNTY,TRISHA YEARWOOD,Gold, MCA NASHVILLE
1021,NOTHING IS SOUND,SWITCHFOOT,Gold, COLUMBIA
1022,GETTING AWAY WITH MURDER,PAPA ROACH,1x Platinum, GEFFEN
1023,A BIGGER BANG,THE ROLLING STONES,1x Platinum, VIRGIN
1024,A RUSH OF BLOOD TO THE HEAD,COLDPLAY,4x Multi-Platinum, CAPITOL
1025,VALIO LA PENA,MARC ANTHONY,2x Multi-Platinum, SONY DISCOS
1026,THE RED LIGHT DISTRICT,LUDACRIS,2x Multi-Platinum, DEF JAM SOUTH
1027,GOLDEN ROAD,KEITH URBAN,3x Multi-Platinum, CAPITOL NASHVILLE
1028,MOST WANTED,HILARY DUFF,1x Platinum, HOLLYWOOD
1029,TELL ALL YOUR FRIENDS,TAKING BACK SUNDAY,Gold, VICTORY RECORDS
1030,THE COOKBOOK,MISSY ELLIOTT,Gold, ATLANTIC
1031,THIS WOMAN,LEANN RIMES,Gold, CURB
1032,DELICIOUS SURPRISE,JO DEE MESSINA,Gold, CURB
1033,"MIND, BODY AND SOUL",JOSS STONE,1x Platinum, S-CURVE RECORDS
1034,WRECK OF THE DAY,ANNA NALICK,Gold, COLUMBIA
1035,INTERNATIONAL SUPERHITS!,GREEN DAY,1x Platinum, REPRISE
1036,LIFEHOUSE,LIFEHOUSE,Gold, GEFFEN
1037,ALRIGHT GUY,GARY ALLAN,1x Platinum, MCA NASHVILLE
1038,KARMA & EFFECT,SEETHER,Gold, CONCORD BICYCLE MUSIC GROUP
1039,U.S.A.: UNITED STATES OF ATLANTA,YING YANG TWINS,1x Platinum, TVT
1040,PASO A PASO,LUIS FONSI,1x Platinum, UNIVERSAL MUSIC LATINO
1041,MEZMERIZE,SYSTEM OF A DOWN,1x Platinum, COLUMBIA
1042,DEVILS & DUST,BRUCE SPRINGSTEEN,Gold, COLUMBIA
1043,TP.3 RELOADED,R. KELLY,1x Platinum, JIVE
1044,TOUCH,AMERIE,Gold, COLUMBIA
1045,CROSSFADE,CROSSFADE,1x Platinum, COLUMBIA
1046,THE LAST DON,DON OMAR,Gold, VI MUSIC
1047,SOMEWHERE DOWN IN TEXAS,GEORGE STRAIT,1x Platinum, MCA NASHVILLE
1048,20TH CENTURY MASTERS - THE MILLENNIUM COLLECTION,GEORGE STRAIT,1x Platinum, MCA NASHVILLE
1049,BLUESTARS,PRETTY RICKY,Gold, ATLANTIC
1050,IN YOUR HONOR,FOO FIGHTERS,1x Platinum, RCA
1051,WHEN THE SUN GOES DOWN,KENNY CHESNEY,4x Multi-Platinum, BNA RECORDS LABEL
1052,PLEASURE AND PAIN,112,Gold, DEF JAM  /  DEF SOUL
1053,MMHMM,RELIENT K,Gold, GOTEE RECORDS
1054,BE,COMMON,Gold, GEFFEN
1055,NEVER GONE,BACKSTREET BOYS,1x Platinum, JIVE
1056,OUT OF EXILE,AUDIOSLAVE,1x Platinum, INTERSCOPE
1057,WHERE YOU WANT TO BE,TAKING BACK SUNDAY,Gold, VICTORY RECORDS
1058,LOST AND FOUND,WILL SMITH,Gold, INTERSCOPE
1059,WITH TEETH,NINE INCH NAILS,Gold, INTERSCOPE
1060,RASCAL FLATTS,RASCAL FLATTS,2x Multi-Platinum, LYRIC STREET
1061,HONKYTONK UNIVERSITY,TOBY KEITH,1x Platinum, DREAMWORKS NASHVILLE
1062,LIFE FOR RENT,DIDO,2x Multi-Platinum, ARISTA
1063,STAND UP,DAVE MATTHEWS BAND,1x Platinum, RCA RECORDS
1064,SONGS ABOUT JANE,MAROON 5,4x Multi-Platinum, OCTONE  /  J RECORDS
1065,JOSH GRACIN,JOSH GRACIN,Gold, LYRIC STREET
1066,THE DEFINITIVE COLLECTION,STEVIE WONDER,1x Platinum, MOTOWN
1067,THE DEFINITIVE COLLECTION,LIONEL RICHIE,1x Platinum, UTV
1068,WE ARE NOT ALONE,BREAKING BENJAMIN,1x Platinum, HOLLYWOOD
1069,GUERO,BECK,Gold, GEFFEN
1070,EL ROCK DE MI PUEBLO,CARLOS VIVES,1x Platinum, EMI LATIN
1071,WHO IS MIKE JONES?,MIKE JONES,1x Platinum, WARNER BROS.
1072,DTP PRESENTS BOBBY VALENTINO,BOBBY VALENTINO,Gold, DEF JAM
1073,CHUCK,SUM 41,Gold, ISLAND RECORDS
1074,PRINCE OF DARKNESS,OZZY OSBOURNE,Gold, EPIC
1075,LOST & FOUND,MUDVAYNE,Gold, EPIC
1076,A HANGOVER YOU DON'T DESERVE,BOWLING FOR SOUP,Gold, JIVE
1077,STOP ALL THE WORLD NOW,HOWIE DAY,Gold, EPIC
1078,WAITING FOR MY ROCKET TO COME,JASON MRAZ,1x Platinum, ELEKTRA
1079,BARRIO FINO,DADDY YANKEE,1x Platinum, UNIVERSAL MUSIC LATINO / EL CARTEL RECORDS
1080,THE PLATINUM COLLECTION,QUEEN,1x Platinum, HOLLYWOOD
1081,ON AND ON,JACK JOHNSON,1x Platinum, UNIVERSAL RECORDS
1082,THE FIRST LADY,FAITH EVANS,Gold, CAPITOL
1083,TROUBLE,AKON,1x Platinum, UNIVERSAL
1084,SILVER SIDE UP,NICKELBACK,6x Multi-Platinum, ROADRUNNER
1085,REBIRTH,JENNIFER LOPEZ,1x Platinum, EPIC
1086,"GREATEST HITS, VOL. II",ALAN JACKSON,6x Multi-Platinum, ARISTA NASHVILLE
1087,ME & MY BROTHER,YING YANG TWINS,1x Platinum, TVT
1088,I NEED AN ANGEL,RUBEN STUDDARD,Gold, J RECORDS
1089,M.I.A.M.I. (MONEY IS A MAJOR ISSUE),PITBULL,Gold, TVT
1090,O,OMARION,Gold, EPIC
1091,THE DIARY OF ALICIA KEYS,ALICIA KEYS,4x Multi-Platinum, J RECORDS
1092,THE DOCUMENTARY,THE GAME,2x Multi-Platinum, AFTERMATH  /  INTERSCOPE
1093,TWO LEFTS DON'T MAKE A RIGHT…BUT THREE DO,RELIENT K,Gold, GOTEE RECORDS
1094,SEA CHANGE,BECK,Gold, GEFFEN
1095,THE LAST DON,DON OMAR,2x Multi-Platinum, VI MUSIC
1096,POWERBALLIN',CHINGY,1x Platinum, CAPITOL
1097,DIERKS BENTLEY,DIERKS BENTLEY,1x Platinum, CAPITOL NASHVILLE
1098,SEVENTEEN DAYS,3 DOORS DOWN,1x Platinum, UNIVERSAL RECORDS
1099,"MARTINA MCBRIDE, MY HEART",MARTINA MCBRIDE,Gold, HALLMARK
1100,KISS OF DEATH,JADAKISS,Gold, INTERSCOPE
1101,THE LONG ROAD,NICKELBACK,3x Multi-Platinum, ROADRUNNER
1102,BE AS YOU ARE,KENNY CHESNEY,1x Platinum, BNA RECORDS LABEL
1103,FUTURES,JIMMY EAT WORLD,Gold, INTERSCOPE
1104,URBAN LEGEND,T.I.,1x Platinum, ATLANTIC
1105,LOS LONELY BOYS,LOS LONELY BOYS,2x Multi-Platinum, EPIC
1106,FRANZ FERDINAND,FRANZ FERDINAND,1x Platinum, EPIC
1107,COME AWAY WITH ME,NORAH JONES,10x Diamond, BLUE NOTE
1108,GET LIFTED,JOHN LEGEND,1x Platinum, COLUMBIA
1109,TURNING POINT,MARIO,1x Platinum, J RECORDS
1110,BARRIO FINO,DADDY YANKEE,6x Multi-Platinum, UNIVERSAL MUSIC LATINO / EL CARTEL RECORDS
1111,LIVE,ALISON KRAUSS,2x Multi-Platinum, ROUNDER
1112,WEAPONS OF MASS DESTRUCTION,XZIBIT,Gold, COLUMBIA
1113,MUSICOLOGY,PRINCE,2x Multi-Platinum, NPG RECORDS  /  COLUMBIA RECORDS
1114,STRAIGHT OUTTA CASHVILLE,YOUNG BUCK,1x Platinum, INTERSCOPE
1115,OOPS!...I DID IT AGAIN,BRITNEY SPEARS,10x Diamond, JIVE
1116,SUIT,NELLY,3x Multi-Platinum, UNIVERSAL RECORDS
1117,PURPLE HAZE,CAM'RON,Gold, ROC-A-FELLA
1118,MIRACLE,CELINE DION,1x Platinum, EPIC
1119,STRIPPED,CHRISTINA AGUILERA,4x Multi-Platinum, RCA RECORDS
1120,CHARIOT,GAVIN DEGRAW,1x Platinum, J RECORDS
1121,REJOYCE: THE CHRISTMAS ALBUM,JESSICA SIMPSON,Gold, COLUMBIA
1122,CONCRETE ROSE,ASHANTI,1x Platinum, THE INC.
1123,R.U.L.E.,JA RULE,Gold, THE INC.
1124,COMIN' ON STRONG,TRACE ADKINS,1x Platinum, CAPITOL NASHVILLE
1125,"O, YEAH!  ULTIMATE AEROSMITH HITS",AEROSMITH,2x Multi-Platinum, COLUMBIA
1126,AT LAST…THE DUETS,KENNY G,Gold, ARISTA
1127,MERRY CHRISTMAS WITH LOVE,CLAY AIKEN,1x Platinum, RCA RECORDS
1128,"NO PADS, NO HELMETS....JUST BALLS",SIMPLE PLAN,2x Multi-Platinum, LAVA
1129,LONELY RUNS BOTH WAYS,ALISON KRAUSS,Gold, ROUNDER
1130,STILL NOT GETTING ANY,SIMPLE PLAN,1x Platinum, LAVA
1131,FREE YOURSELF,FANTASIA,1x Platinum, J RECORDS
1132,"100,000,000 BON JOVI FANS CAN'T BE WRONG",BON JOVI,Gold, ISLAND
1133,ANYWHERE BUT HOME,EVANESCENCE,Gold, WIND-UP RECORDS
1134,WORDS & MUSIC,JOHN MELLENCAMP,1x Platinum, ISLAND
1135,ENCORE,EMINEM,4x Multi-Platinum, INTERSCOPE
1136,HOW TO DISMANTLE AN ATOMIC BOMB,U2,3x Multi-Platinum, INTERSCOPE
1137,R&G (RHYTHM AND GANGSTA),SNOOP DOGG,1x Platinum, GEFFEN
1138,UNDONE,MERCYME,Gold, INO RECORDS
1139,WITH THE LIGHTS OUT,NIRVANA,1x Platinum, GEFFEN
1140,PEACHTREE ROAD,ELTON JOHN,Gold, UNIVERSAL RECORDS
1141,CHRONICLES OF LIFE AND DEATH,GOOD CHARLOTTE,1x Platinum, EPIC
1142,IN THIS SKIN,JESSICA SIMPSON,3x Multi-Platinum, COLUMBIA
1143,MUD ON THE TIRES,BRAD PAISLEY,2x Multi-Platinum, ARISTA NASHVILLE
1144,LET'S BE US AGAIN,LONESTAR,Gold, BNA RECORDS LABEL
1145,REAL TALK,FABOLOUS,Gold, ELEKTRA
1146,BAPTISM,LENNY KRAVITZ,Gold, VIRGIN
1147,JULIE ROBERTS,JULIE ROBERTS,Gold, MERCURY NASHVILLE
1148,BEAUTIFUL LETDOWN,SWITCHFOOT,2x Multi-Platinum, SPARROW
1149,eMOTIVe,A PERFECT CIRCLE,Gold, VIRGIN
1150,GREATEST HITS:  MY PREROGATIVE,BRITNEY SPEARS,1x Platinum, JIVE
1151,LIVE LICKS,THE ROLLING STONES,Gold, VIRGIN
1152,1.22.03 ACOUSTIC,MAROON 5,Gold, OCTONE  /  J RECORDS
1153,ELEPHUNK,THE BLACK EYED PEAS,2x Multi-Platinum, A&M
1154,RESTLESS,SARA EVANS,1x Platinum, RCA NASHVILLE
1155,TICAL 0: THE PREQUEL,METHOD MAN,Gold, DEF JAM RECORDS
1156,COMIN' FROM WHERE I'M FROM,ANTHONY HAMILTON,1x Platinum, SO SO DEF
1157,GREATEST HITS 1994-2004,TERRI CLARK,Gold, MERCURY NASHVILLE
1158,42 ULTIMATE HITS,KENNY ROGERS,Gold, CAPITOL NASHVILLE
1159,THUG MATRIMONY,TRICK DADDY,Gold, SLIP N SLIDE  /  ATLANTIC
1160,GODFATHER…BURIED ALIVE,SHYNE,Gold, GANGLAND RECORDS
1161,"LAST DON LIVE, VOL. 1",DON OMAR,2x Multi-Platinum, VI MUSIC
1162,LONG BLACK TRAIN,JOSH TURNER,1x Platinum, MCA NASHVILLE
1163,THIS TYPE OF THINKING (COULD DO US IN),CHEVELLE,Gold, EPIC
1164,FINGER ELEVEN,FINGER ELEVEN,Gold, WIND-UP RECORDS
1165,VERITY PRESENTS: THE BEST OF YOLANDA ADAMS,YOLANDA ADAMS,Gold, VERITY
1166,MY EVERYTHING,ANITA BAKER,Gold, BLUE NOTE
1167,ROOM FOR SQUARES,JOHN MAYER,4x Multi-Platinum, COLUMBIA
1168,THE VERY BEST OF SHERYL CROW,SHERYL CROW,3x Multi-Platinum, A&M
1169,SWEAT,NELLY,1x Platinum, UNIVERSAL RECORDS
1170,WELCOME BACK,MASE,Gold, BAD BOY  /  UNIVERSAL
1171,20TH CENTURY MASTERS - THE BEST OF TOBY KEITH,TOBY KEITH,Gold, MERCURY NASHVILLE
1172,HILARY DUFF,HILARY DUFF,1x Platinum, HOLLYWOOD
1173,WHAT I DO,ALAN JACKSON,1x Platinum, ARISTA NASHVILLE
1174,BORN TO FLY,SARA EVANS,2x Multi-Platinum, RCA NASHVILLE
1175,AMERICA TOWN,FIVE FOR FIGHTING,1x Platinum, COLUMBIA
1176,HONKYTONKVILLE,GEORGE STRAIT,1x Platinum, MCA NASHVILLE
1177,GREATEST HITS,JO DEE MESSINA,Gold, CURB
1178,SHOCK 'N Y'ALL,TOBY KEITH,4x Multi-Platinum, DREAMWORKS NASHVILLE
1179,AMAR SIN MENTIRAS,MARC ANTHONY,2x Multi-Platinum, SONY DISCOS
1180,"BEAUTIFULLY HUMAN: WORDS AND SOUNDS, VOLUME 2",JILL SCOTT,Gold, EPIC
1181,HAPPY PEOPLE / U SAVED ME,R. KELLY,3x Multi-Platinum, JIVE
1182,UP!,SHANIA TWAIN,11x Diamond, MERCURY NASHVILLE
1183,AND THEN,JOE,Gold, JIVE
1184,DA UNBREAKABLES,THREE 6 MAFIA,Gold, COLUMBIA
1185,NEW DAY…LIVE IN LAS VEGAS,CELINE DION,Gold, EPIC
1186,THE VERY BEST OF PRINCE,PRINCE,1x Platinum, WARNER BROS.
1187,IT'S ALREADY WRITTEN,HOUSTON,Gold, CAPITOL
1188,THE HUNGER FOR MORE,LLOYD BANKS,1x Platinum, INTERSCOPE
1189,"WHO IS JILL SCOTT?:  WORDS AND SOUNDS, VOLUME 1",JILL SCOTT,2x Multi-Platinum, EPIC
1190,AUTOBIOGRAPHY,ASHLEE SIMPSON,3x Multi-Platinum, GEFFEN
1191,THA CARTER,LIL WAYNE,Gold, CASH MONEY
1192,KEVIN LYTTLE,KEVIN LYTTLE,Gold, ATLANTIC
1193,THE BEST OF BOTH WORLDS,VAN HALEN,1x Platinum, WARNER BROS.
1194,THE REASON,HOOBASTANK,2x Multi-Platinum, ISLAND RECORDS
1195,THE GORGE,DAVE MATTHEWS BAND,Gold, RCA RECORDS
1196,LICENSE TO CHILL,JIMMY BUFFETT,1x Platinum, RCA NASHVILLE
1197,U GOTTA FEEL ME,LIL' FLIP,Gold, COLUMBIA
1198,CATALYST,NEW FOUND GLORY,Gold, GEFFEN
1199,YEAR OF THE SPIDER,COLD,Gold, GEFFEN
1200,DANGEROUSLY IN LOVE,BEYONCE,4x Multi-Platinum, COLUMBIA
1201,GOOD NEWS FOR PEOPLE WHO LOVE BAD NEWS,MODEST MOUSE,1x Platinum, EPIC
1202,AFRODISIAC,BRANDY,Gold, ATLANTIC
1203,STEAL THIS ALBUM,SYSTEM OF A DOWN,1x Platinum, COLUMBIA
1204,THE SINGLES 1992-2003,NO DOUBT,2x Multi-Platinum, INTERSCOPE
1205,JUVE THE GREAT,JUVENILE,1x Platinum, CASH MONEY / UNIVERSAL
1206,TO THE 5 BOROUGHS,BEASTIE BOYS,1x Platinum, CAPITOL
1207,OCEAN AVENUE,YELLOWCARD,1x Platinum, CAPITOL
1208,STILL WRITING IN MY DIARY: 2ND ENTRY,PETEY PABLO,Gold, JIVE
1209,CHICKEN & BEER,LUDACRIS,2x Multi-Platinum, DEF JAM SOUTH
1210,KEMISTRY,KEM,Gold, UNIVERSAL RECORDS
1211,LOVE & HATE,AVENTURA,1x Platinum, PREMIUM LATIN
1212,START SOMETHING,LOSTPROPHETS,Gold, COLUMBIA
1213,THE OTHER SIDE,GODSMACK,Gold, UNIVERSAL
1214,DAMITA JO,JANET JACKSON,1x Platinum, VIRGIN
1215,FEELS LIKE HOME,NORAH JONES,4x Multi-Platinum, BLUE NOTE
1216,ANOTHER 700 MILES,3 DOORS DOWN,Gold, UNIVERSAL RECORDS
1217,HONKIN' ON BOBO,AEROSMITH,Gold, COLUMBIA
1218,GET BORN,JET,1x Platinum, ELEKTRA
1219,LET'S TALK ABOUT IT,CARL THOMAS,Gold, BAD BOY  /  UNIVERSAL
1220,"NO SHOES, NO SHIRT, NO PROBLEMS",KENNY CHESNEY,4x Multi-Platinum, BNA RECORDS LABEL
1221,I NEED YOU NOW,SMOKIE NORFUL,Gold, EMI GOSPEL
1222,AT THE CLOSE OF THE CENTURY,STEVIE WONDER,Gold, MOTOWN
1223,SPLIT PERSONALITY,CASSIDY,Gold, ARISTA
1224,TIM MCGRAW AND THE DANCEHALL DOCTORS,TIM MCGRAW,3x Multi-Platinum, CURB
1225,DANCE WITH MY FATHER,LUTHER VANDROSS,2x Multi-Platinum, J RECORDS
1226,THE SOUL SESSIONS,JOSS STONE,Gold, S-CURVE RECORDS
1227,PAU-LATINA,PAULINA RUBIO,2x Multi-Platinum, UNIVERSAL MUSIC LATINO
1228,MY TOWN,MONTGOMERY GENTRY,1x Platinum, COLUMBIA NASHVILLE
1229,A CROW LEFT OF THE MURDER,INCUBUS,1x Platinum, EPIC
1230,YOU GOT SERVED,B2K,Gold, EPIC
1231,MY PRIVATE NATION,TRAIN,1x Platinum, COLUMBIA
1232,JOSH GROBAN,JOSH GROBAN,4x Multi-Platinum, 143 / REPRISE
1233,WAVE ON WAVE,PAT GREEN,Gold, UNIVERSAL RECORDS
1234,YOUNG LUST: THE AEROSMITH ANTHOLOGY,AEROSMITH,Gold, GEFFEN
1235,KAMIKAZE,TWISTA,1x Platinum, ATLANTIC
1236,JACKPOT,CHINGY,2x Multi-Platinum, CAPITOL
1237,THE YOUNG AND THE HOPELESS,GOOD CHARLOTTE,3x Multi-Platinum, EPIC
1238,PLACES WE HAVE COME TO FEAR THE MOST,DASHBOARD CONFESSIONAL,Gold, VAGRANT RECORDS
1239,BIG MONEY HEAVYWEIGHT,BIG TYMERS,Gold, CASH MONEY / UNIVERSAL
1240,LOST DOGS,PEARL JAM,Gold, EPIC
1241,THA SMOKIN' NEPHEW,BABY BASH,Gold, UNIVERSAL RECORDS
1242,SOULSTAR,MUSIQ,Gold, DEF JAM  /  DEF SOUL
1243,BUDDY JEWELL,BUDDY JEWELL,Gold, COLUMBIA NASHVILLE
1244,ALL THAT YOU CAN'T LEAVE BEHIND,U2,4x Multi-Platinum, INTERSCOPE
1245,SONGS OF LOVE,STING,1x Platinum, UNIVERSAL SPECIAL MARKETS
1246,TASTY,KELIS,Gold, ARISTA
1247,LIFE ON DISPLAY,PUDDLE OF MUDD,Gold, GEFFEN
1248,GREATEST HITS,LONESTAR,1x Platinum, BNA RECORDS LABEL
1249,PRIVATE ROOM,AVANT,Gold, GEFFEN
1250,HUMAN CLAY,CREED,11x Diamond, WIND-UP RECORDS
1251,FILMS ABOUT GHOSTS,COUNTING CROWS,Gold, GEFFEN
1252,DISCLAIMER,SEETHER,Gold, WIND-UP RECORDS
1253,THALIA'S HITS REMIXED,THALIA,1x Platinum, EMI LATIN
1254,UNLEASHED,TOBY KEITH,4x Multi-Platinum, DREAMWORKS NASHVILLE
1255,TERRORIST THREATS,WESTSIDE CONNECTION,Gold, HOO BANGIN' / CAPITOL
1256,SACRED LOVE,STING,1x Platinum, A&M
1257,SOULFUL,RUBEN STUDDARD,1x Platinum, J RECORDS
1258,METAMORPHOSIS,HILARY DUFF,3x Multi-Platinum, WALT DISNEY
1259,MEET ME IN MARGARITAVILLE,JIMMY BUFFETT,2x Multi-Platinum, UTV
1260,GREATEST LOVE SONGS,FRANK SINATRA,Gold, WARNER STRATEGIC MARKETING
1261,THE CENTRAL PARK CONCERT,DAVE MATTHEWS BAND,1x Platinum, RCA RECORDS
1262,FOLKLORE,NELLY FURTADO,Gold, DREAMWORKS
1263,DA DERRTY VERSIONS,NELLY,1x Platinum, UNIVERSAL RECORDS
1264,ACOUSTIC SOUL,INDIA.ARIE,2x Multi-Platinum, MOTOWN
1265,THIS IS NOT A TEST,MISSY ELLIOTT,1x Platinum, ELEKTRA
1266,THE VERY BEST OF CHER,CHER,2x Multi-Platinum, WARNER STRATEGIC MARKETING
1267,TAKE A LOOK IN THE MIRROR,KORN,1x Platinum, EPIC
1268,KID ROCK,KID ROCK,1x Platinum, ATLANTIC
1269,TOP OF THE WORLD: LIVE,DIXIE CHICKS,Gold, COLUMBIA
1270,IN THE ZONE,BRITNEY SPEARS,2x Multi-Platinum, JIVE
1271,KEITH URBAN,KEITH URBAN,1x Platinum, CAPITOL NASHVILLE
1272,TRY THIS,P!NK,1x Platinum, ARISTA
1273,ROOM ON FIRE,THE STROKES,Gold, RCA RECORDS
1274,PARACHUTES,COLDPLAY,2x Multi-Platinum, CAPITOL
1275,PAYABLE ON DEATH,P.O.D.,Gold, ATLANTIC
1276,MORE THAN YOU THINK YOU ARE,MATCHBOX TWENTY,2x Multi-Platinum, ATLANTIC
1277,SANTA CLAUS LANE,HILARY DUFF,Gold, WALT DISNEY
1278,HOTEL PAPER,MICHELLE BRANCH,1x Platinum, MAVERICK
1279,GET RICH OR DIE TRYIN',50 CENT,6x Multi-Platinum, AFTERMATH  /  INTERSCOPE
1280,CHEERS,OBIE TRICE,Gold, INTERSCOPE
1281,STILL GHETTO,JAHEIM,1x Platinum, WARNER BROS.
1282,COLDPLAY LIVE 2003,COLDPLAY,Gold, CAPITOL
1283,CHRIS CAGLE,CHRIS CAGLE,Gold, CAPITOL NASHVILLE
1284,THANKFUL,KELLY CLARKSON,2x Multi-Platinum, RCA RECORDS
1285,STACIE ORRICO,STACIE ORRICO,Gold, VIRGIN  /  FOREFRONT
1286,ABRAZAR LA VIDA,LUIS FONSI,1x Platinum, UNIVERSAL MUSIC LATINO
1287,2ND TO NONE,ELVIS PRESLEY,1x Platinum, BMG HERITAGE
1288,TRAPT,TRAPT,1x Platinum, WARNER BROS.
1289,HARD,JAGGED EDGE,Gold, COLUMBIA
1290,MURPHY'S LAW,MURPHY LEE,Gold, UNIVERSAL RECORDS
1291,"THE R. IN R&B COLLECTION, VOLUME I",R. KELLY,1x Platinum, JIVE
1292,MEASURE OF A MAN,CLAY AIKEN,2x Multi-Platinum, RCA RECORDS
1293,SEAL IV,SEAL,Gold, SIRE
1294,THE GRAND CHAMP,DMX,1x Platinum, DEF JAM RECORDS
1295,SONGS IN A MINOR,ALICIA KEYS,6x Multi-Platinum, J RECORDS
1296,DRANKIN PATNAZ,YOUNGBLOODZ,Gold, ARISTA
1297,STANKONIA,OUTKAST,4x Multi-Platinum, LAFACE
1298,J. LO,JENNIFER LOPEZ,4x Multi-Platinum, EPIC
1299,WORLDWIDE UNDERGROUND,ERYKAH BADU,Gold, MOTOWN
1300,RISE AND SHINE,RANDY TRAVIS,Gold, WORD
1301,NO ES LO MISMO,ALEJANDRO SANZ,1x Platinum, WARNER MUSIC LATINA
1302,SOME DEVIL,DAVE MATTHEWS BAND,1x Platinum, RCA RECORDS
1303,SPOKEN FOR,MERCYME,Gold, INO RECORDS
1304,M!SSUNDAZTOOD,P!NK,5x Multi-Platinum, RCA
1305,LA BELLA MAFIA,LIL' KIM,Gold, ATLANTIC
1306,"A MARK, A MISSION, A BRAND, A SCAR",DASHBOARD CONFESSIONAL,Gold, VAGRANT RECORDS
1307,ALL I HAVE,AMERIE,Gold, COLUMBIA
1308,LOVE & LIFE,MARY J. BLIGE,1x Platinum, GEFFEN
1309,REVOLUTION DE AMOR,MANA,Gold, WARNER MUSIC LATINA
1310,INCREDIBLE,MARY MARY,Gold, COLUMBIA
1311,UN DIA NORMAL,JUANES,6x Multi-Platinum, UNIVERSAL MUSIC LATINO
1312,UNLEASHED,BOW WOW,Gold, COLUMBIA
1313,MOODRING,MYA,Gold, INTERSCOPE
1314,STREET DREAMS,FABOLOUS,1x Platinum, ELEKTRA
1315,ONE BY ONE,FOO FIGHTERS,1x Platinum, RCA RECORDS
1316,BREAK THE CYCLE,STAIND,5x Multi-Platinum, ELEKTRA
1317,DUTTY ROCK,SEAN PAUL,2x Multi-Platinum, ATLANTIC
1318,ELEPHANT,THE WHITE STRIPES,1x Platinum, V2 RECORDS
1319,"SO LONG, ASTORIA",THE ATARIS,Gold, COLUMBIA
1320,ANY GIVEN THURSDAY,JOHN MAYER,1x Platinum, COLUMBIA
1321,CHAPTER II,ASHANTI,1x Platinum, THE INC.
1322,LIVE AT FOLSOM FIELD,DAVE MATTHEWS BAND,1x Platinum, RCA RECORDS
1323,JUSTIFIED,JUSTIN TIMBERLAKE,3x Multi-Platinum, JIVE
1324,NO STRANGER TO SHAME,UNCLE KRACKER,Gold, LAVA
1325,DOWN TO EARTH,OZZY OSBOURNE,1x Platinum, EPIC
1326,AFTER THE STORM,MONICA,Gold, J RECORDS
1327,BARE,ANNIE LENNOX,Gold, J RECORDS
1328,UNDER CONSTRUCTION,MISSY ELLIOTT,2x Multi-Platinum, ELEKTRA
1329,FLOETIC,FLOETRY,Gold, DREAMWORKS
1330,0304,JEWEL,Gold, ATLANTIC
1331,HAIL TO THE THIEF,RADIOHEAD,Gold, CAPITOL
1332,ST. ANGER,METALLICA,2x Multi-Platinum, ELEKTRA
1333,AMERICAN LIFE,MADONNA,1x Platinum, WARNER BROS.
1334,SAY YOU WILL,FLEETWOOD MAC,Gold, REPRISE
1335,ALMAS DEL SILENCIO,RICKY MARTIN,4x Multi-Platinum, SONY DISCOS
1336,14 SHADES OF GREY,STAIND,1x Platinum, ELEKTRA
1337,THE END OF ALL THINGS TO COME,MUDVAYNE,Gold, EPIC
1338,LEGACY: THE GREATEST HITS COLLECTION,BOYZ II MEN,Gold, MOTOWN
1339,WONDER WHAT'S NEXT,CHEVELLE,1x Platinum, EPIC
1340,NEW FOUND GLORY,NEW FOUND GLORY,Gold, MCA
1341,FIJATE BIEN,JUANES,1x Platinum, UNIVERSAL MUSIC LATINO
1342,NELLYVILLE,NELLY,6x Multi-Platinum, UNIVERSAL RECORDS
1343,S&M,METALLICA,5x Multi-Platinum, ELEKTRA
1344,THE BETTER LIFE,3 DOORS DOWN,6x Multi-Platinum, UNIVERSAL
1345,THIS IS WHO I AM,HEATHER HEADLEY,Gold, RCA RECORDS
1346,PHRENOLOGY,THE ROOTS,Gold, MCA
1347,HAVE YOU FORGOTTEN?,DARRYL WORLEY,Gold, DREAMWORKS NASHVILLE
1348,CHOCOLATE FACTORY,R. KELLY,2x Multi-Platinum, JIVE
1349,DRU WORLD ORDER,DRU HILL,Gold, DEF JAM  /  DEF SOUL
1350,THE REBIRTH OF KIRK FRANKLIN,KIRK FRANKLIN,1x Platinum, GOSPO CENTRIC
1351,FACELESS,GODSMACK,1x Platinum, UNIVERSAL RECORDS
1352,200 KM/H IN THE WRONG LANE,T.A.T.U.,Gold, INTERSCOPE
1353,DRIVE,ALAN JACKSON,4x Multi-Platinum, ARISTA NASHVILLE
1354,THE SENIOR,GINUWINE,Gold, EPIC
1355,A LOVE STORY,VIVIAN GREEN,Gold, COLUMBIA
1356,THE FALLOUT,DEFAULT,1x Platinum, TVT
1357,ONE HEART,CELINE DION,2x Multi-Platinum, EPIC
1358,FOR THE LAST TIME: LIVE FROM THE ASTRODOME,GEORGE STRAIT,Gold, MCA NASHVILLE
1359,COMPLETELY,DIAMOND RIO,Gold, ARISTA NASHVILLE
1360,BREATHE,FAITH HILL,8x Multi-Platinum, WARNER BROS.
1361,PAID THA COST TO BE DA BO$$,SNOOP DOGG,1x Platinum, PRIORITY
1362,BEST OF 1990 - 2000,U2,1x Platinum, INTERSCOPE
1363,PLAY,PLAY,Gold, COLUMBIA
1364,STONE SOUR,STONE SOUR,Gold, ROADRUNNER
1365,BACK INTO YOUR SYSTEM,SALIVA,Gold, ISLAND RECORDS
1366,INSIDE OUT,TRISHA YEARWOOD,Gold, MCA NASHVILLE
1367,HOME,DIXIE CHICKS,6x Multi-Platinum, OPEN WIDE  /  MONUMENT
1368,PANDEMONIUM!,B2K,1x Platinum, EPIC
1369,A NEW DAY AT MIDNIGHT,DAVID GRAY,Gold, ATO RECORDS
1370,LATEST GREATEST STRAITEST HITS,GEORGE STRAIT,2x Multi-Platinum, MCA NASHVILLE
1371,THE ROAD LESS TRAVELED,GEORGE STRAIT,1x Platinum, MCA NASHVILLE
1372,I WANNA GO THERE,TYRESE,Gold, J RECORDS
1373,LIVE IN CONCERT,JOSH GROBAN,Gold, REPRISE
1374,GHETTO FABOLOUS,FABOLOUS,1x Platinum, ELEKTRA
1375,CHROME,TRACE ADKINS,Gold, CAPITOL NASHVILLE
1376,COME CLEAN,PUDDLE OF MUDD,3x Multi-Platinum, FLAWLESS  /  GEFFEN
1377,DOES THIS LOOK INFECTED?,SUM 41,Gold, ISLAND RECORDS
1378,A NEW DAY HAS COME,CELINE DION,3x Multi-Platinum, EPIC
1379,UNLEASH THE DRAGON,SISQO,5x Multi-Platinum, DEF JAM
1380,AARON'S PARTY (COME GET IT),AARON CARTER,3x Multi-Platinum, JIVE
1381,SONGS FOR THE DEAF,QUEENS OF THE STONE AGE,Gold, INTERSCOPE
1382,FORTY LICKS,THE ROLLING STONES,4x Multi-Platinum, ABKCO / VIRGIN
1383,SENTIMENTO,ANDREA BOCELLI,1x Platinum, PHILLIPS
1384,LET IT BE CHRISTMAS,ALAN JACKSON,Gold, ARISTA NASHVILLE
1385,DEJAME ENTRAR,CARLOS VIVES,2x Multi-Platinum, EMI LATIN
1386,GOOD CHARLOTTE,GOOD CHARLOTTE,Gold, EPIC
1387,THIS IS ME....THEN,JENNIFER LOPEZ,2x Multi-Platinum, EPIC
1388,JUST WHITNEY,WHITNEY HOUSTON,1x Platinum, ARISTA
1389,CHARMBRACELET,MARIAH CAREY,1x Platinum, ISLAND RECORDS
1390,BOUNCE,BON JOVI,Gold, ISLAND RECORDS
1391,IT AIN'T SAFE NO MORE,BUSTA RHYMES,Gold, J RECORDS
1392,WEATHERED,CREED,6x Multi-Platinum, WIND-UP RECORDS
1393,THE LAST TEMPTATION,JA RULE,1x Platinum, THE INC.
1394,COME HOME WITH ME,CAM'RON,Gold, ROC-A-FELLA RECORDS
1395,REVOLUTION DE AMOR,MANA,4x Multi-Platinum, WARNER MUSIC LATINA
1396,LUCKY DAY,SHAGGY,Gold, MCA
1397,ASHANTI,ASHANTI,3x Multi-Platinum, THE INC.
1398,JUSLISEN,MUSIQ,1x Platinum, DEF JAM  /  DEF SOUL
1399,SLICKER THAN YOUR AVERAGE,CRAIG DAVID,Gold, ATLANTIC
1400,MORE THAN A WOMAN,TONI BRAXTON,Gold, ARISTA
1401,BRAINWASHED,GEORGE HARRISON,Gold, CAPITOL
1402,GRANDES EXITOS,SHAKIRA,2x Multi-Platinum, SONY DISCOS
1403,3D,TLC,1x Platinum, ARISTA
1404,RIOT ACT,PEARL JAM,Gold, EPIC
1405,SIMPLY DEEP,KELLY ROWLAND,Gold, COLUMBIA
1406,SCARLET'S WALK,TORI AMOS,Gold, EPIC
1407,UNDAGROUND LEGEND,LIL' FLIP,Gold, COLUMBIA
1408,NIRVANA,NIRVANA,1x Platinum, GEFFEN
1409,TOXICITY,SYSTEM OF A DOWN,3x Multi-Platinum, COLUMBIA
1410,SHAMAN,SANTANA,2x Multi-Platinum, ARISTA
1411,WISHES,KENNY G,Gold, ARISTA
1412,BRUSHFIRE FAIRYTALES,JACK JOHNSON,1x Platinum, ENJOY  /  UNIVERSAL
1413,CRY,FAITH HILL,2x Multi-Platinum, WARNER BROS.
1414,TWISTED ANGEL,LEANN RIMES,Gold, CURB
1415,EVE-OLUTION,EVE,Gold, RUFF RYDERS  /  INTERSCOPE
1416,THE LONELY POSITION OF NEUTRAL,TRUSTCOMPANY,Gold, GEFFEN
1417,MAN VS. MACHINE,XZIBIT,Gold, COLUMBIA
1418,FAITH:  A HOLIDAY ALBUM,KENNY G,3x Multi-Platinum, ARISTA
1419,WORD OF MOUF,LUDACRIS,3x Multi-Platinum, DEF JAM SOUTH
1420,SELECTED WORKS:  1972-1999,EAGLES,1x Platinum, ELEKTRA
1421,QUIZAS,ENRIQUE IGLESIAS,4x Multi-Platinum, UNIVERSAL MUSIC LATINO
1422,HOOBASTANK,HOOBASTANK,1x Platinum, ISLAND RECORDS
1423,GRAVITY,OUR LADY PEACE,Gold, COLUMBIA
1424,MORNING VIEW,INCUBUS,2x Multi-Platinum, EPIC
1425,PARADISE,KENNY G,Gold, ARISTA
1426,ROCK STEADY,NO DOUBT,2x Multi-Platinum, INTERSCOPE
1427,"WATERMELON, CHICKEN & GRITZ",NAPPY ROOTS,1x Platinum, ATLANTIC
1428,FEVER,KYLIE MINOGUE,1x Platinum, CAPITOL
1429,BE NOT NOBODY,VANESSA CARLTON,1x Platinum, A&M
1430,HARD CANDY,COUNTING CROWS,Gold, GEFFEN
1431,THE RISING,BRUCE SPRINGSTEEN,2x Multi-Platinum, COLUMBIA
1432,LORD WILLIN',CLIPSE,Gold, ARISTA
1433,THE HITS- CHAPTER ONE,BACKSTREET BOYS,1x Platinum, JIVE
1434,MARIO,MARIO,Gold, J RECORDS
1435,STICKS AND STONES,NEW FOUND GLORY,Gold, MCA
1436,THUG HOLIDAY,TRICK DADDY,Gold, SLIP N SLIDE  /  ATLANTIC
1437,REANIMATION,LINKIN PARK,1x Platinum, WARNER BROS.
1438,PULL MY CHAIN,TOBY KEITH,2x Multi-Platinum, DREAMWORKS NASHVILLE
1439,500 DEGREEZ,LIL WAYNE,Gold, CASH MONEY / UNIVERSAL
1440,HOOD RICH,BIG TYMERS,1x Platinum, CASH MONEY / UNIVERSAL
1441,BUSTED STUFF,DAVE MATTHEWS BAND,2x Multi-Platinum, RCA RECORDS
1442,PART II,BRAD PAISLEY,1x Platinum, ARISTA NASHVILLE
1443,SATELLITE,P.O.D.,3x Multi-Platinum, ATLANTIC
1444,JIMMY EAT WORLD,JIMMY EAT WORLD,1x Platinum, DREAMWORKS
1445,DESAHOGO,PILAR MONTENEGRO,2x Multi-Platinum, UNIVISION RECORDS
1446,8701,USHER,4x Multi-Platinum, ARISTA
1447,BORN TO REIGN,WILL SMITH,Gold, COLUMBIA
1448,FROM CHAOS,311,Gold, VOLCANO
1449,BORDER GIRL,PAULINA RUBIO,Gold, UNIVERSAL RECORDS
1450,LOVEHATETRAGEDY,PAPA ROACH,Gold, DREAMWORKS
1451,DIRTY VEGAS,DIRTY VEGAS,Gold, CAPITOL
1452,BELIEVE,YOLANDA ADAMS,Gold, ELEKTRA
1453,18,MOBY,Gold, V2 RECORDS
1454,UNTOUCHABLES,KORN,1x Platinum, EPIC
1455,MENDED,MARC ANTHONY,Gold, COLUMBIA
1456,GUTTERFLOWER,GOO GOO DOLLS,Gold, WARNER BROS.
1457,THALIA,THALIA,2x Multi-Platinum, EMI LATIN
1458,FLY,DIXIE CHICKS,10x Diamond, MONUMENT
1459,MALADROIT,WEEZER,Gold, GEFFEN
1460,ESCAPE,ENRIQUE IGLESIAS,3x Multi-Platinum, INTERSCOPE
1461,ECSTASY,AVANT,Gold, MCA
1462,LAUNDRY SERVICE,SHAKIRA,3x Multi-Platinum, EPIC
1463,J.O.S.E. (JEALOUS ONES STILL ENVY),FAT JOE,1x Platinum, ATLANTIC
1464,CARRYING ON,MONTGOMERY GENTRY,Gold, COLUMBIA NASHVILLE
1465,I HOPE YOU DANCE,LEE ANN WOMACK,3x Multi-Platinum, MCA NASHVILLE
1466,C'MON C'MON,SHERYL CROW,1x Platinum, A&M
1467,BACK FOR THE FIRST TIME,LUDACRIS,3x Multi-Platinum, DEF JAM SOUTH
1468,AMOR SECRETO,LUIS FONSI,1x Platinum, UNIVERSAL MUSIC LATINO
1469,SOUTHERN HUMMINGBIRD,TWEET,Gold, ELEKTRA
1470,PAULINA,PAULINA RUBIO,8x Multi-Platinum, UNIVERSAL MUSIC LATINO
1471,CHOCOLATE STARFISH AND THE HOT DOG FLAVORED WATER,LIMP BIZKIT,6x Multi-Platinum, INTERSCOPE
1472,FORGET ABOUT IT,ALISON KRAUSS,Gold, ROUNDER
1473,B2K,B2K,Gold, EPIC
1474,BETTER DAYS,JOE,Gold, JIVE
1475,TARANTULA,MYSTIKAL,Gold, JIVE
1476,I'M ALREADY THERE,LONESTAR,1x Platinum, BNA RECORDS LABEL
1477,TP-2.COM,R. KELLY,4x Multi-Platinum, JIVE
1478,FULL MOON,BRANDY,1x Platinum, ATLANTIC
1479,PAIN IS LOVE,JA RULE,3x Multi-Platinum, THE INC.
1480,LIVING PROOF,CHER,Gold, WARNER BROS.
1481,UNDER RUG SWEPT,ALANIS MORISSETTE,1x Platinum, MAVERICK
1482,NEW FAVORITE,ALISON KRAUSS,Gold, ROUNDER
1483,PLAY IT LOUD,CHRIS CAGLE,Gold, CAPITOL NASHVILLE
1484,SOUL SISTA,KEKE WYATT,Gold, MCA
1485,GENESIS,BUSTA RHYMES,1x Platinum, J RECORDS
1486,AWAKE,GODSMACK,2x Multi-Platinum, REPUBLIC / UNIVERSAL
1487,J TO THE L-O!: THE REMIXES,JENNIFER LOPEZ,1x Platinum, EPIC
1488,LOVERS LIVE,SADE,Gold, EPIC
1489,BIG BOI AND DRE PRESENT...OUTKAST,OUTKAST,1x Platinum, ARISTA
1490,GHETTO LOVE,JAHEIM,1x Platinum, WARNER BROS.
1491,13 WAYS TO BLEED ON STAGE,COLD,Gold, GEFFEN
1492,REMIXES: NEW OLD SONGS,LIMP BIZKIT,Gold, INTERSCOPE
1493,CUTTIN' HEADS,JOHN MELLENCAMP,Gold, COLUMBIA
1494,NO MORE DRAMA,MARY J. BLIGE,2x Multi-Platinum, MCA
1495,MTV UNPLUGGED,ALEJANDRO SANZ,2x Multi-Platinum, WEA LATINA
1496,MAHOGANY SOUL,ANGIE STONE,Gold, J RECORDS
1497,MTV UNPLUGGED,SHAKIRA,4x Multi-Platinum, SONY DISCOS
1498,BURN,JO DEE MESSINA,1x Platinum, CURB
1499,PHIL VASSAR,PHIL VASSAR,Gold, ARISTA NASHVILLE
1500,TRICK PONY,TRICK PONY,Gold, WARNER BROS.
1501,INFAMY,MOBB DEEP,Gold, LOUD
1502,BORN TO DO IT,CRAIG DAVID,1x Platinum, ATLANTIC
1503,INVINCIBLE,MICHAEL JACKSON,2x Multi-Platinum, EPIC
1504,...ALL THIS TIME,STING,Gold, A&M
1505,DOGGY BAG,BOW WOW,1x Platinum, COLUMBIA
1506,SMASH MOUTH,SMASH MOUTH,Gold, INTERSCOPE
1507,EXPERIENCE:  JILL SCOTT 826+,JILL SCOTT,Gold, EPIC
1508,FAITHFULLY,FAITH EVANS,Gold, BAD BOY/ARISTA
1509,CAMINO PALMERO,THE CALLING,Gold, RCA RECORDS
1510,ALL THEIR GREATEST HITS: DISC ONE 1991-2001,BARENAKED LADIES,Gold, REPRISE
1511,"WHOA, NELLY!",NELLY FURTADO,2x Multi-Platinum, DREAMWORKS
1512,EVERYDAY,DAVE MATTHEWS BAND,3x Multi-Platinum, RCA RECORDS
1513,LIVE IN CHICAGO 12.19.98,DAVE MATTHEWS BAND,1x Platinum, RCA RECORDS
1514,THANKFUL,MARY MARY,1x Platinum, COLUMBIA
1515,THIS WAY,JEWEL,1x Platinum, ATLANTIC
1516,BRITNEY,BRITNEY SPEARS,4x Multi-Platinum, JIVE
1517,THE GREAT DEPRESSION,DMX,1x Platinum, DEF JAM RECORDS
1518,LIBRE,MARC ANTHONY,4x Multi-Platinum, COLUMBIA
1519,"GHV2:  GREATEST HITS , VOLUME 2",MADONNA,1x Platinum, WARNER BROS.
1520,BEST HITS,ENRIQUE IGLESIAS,Gold, FONOVISA
1521,CIELI DI TOSCANA,ANDREA BOCELLI,1x Platinum, PHILLIPS
1522,ONE VOICE,BILLY GILMAN,2x Multi-Platinum, EPIC NASHVILLE
1523,SMOKE RINGS IN THE DARK,GARY ALLAN,1x Platinum, MCA NASHVILLE
1524,DIARY OF A SINNER:  1ST ENTRY,PETEY PABLO,Gold, JIVE
1525,LENNY,LENNY KRAVITZ,1x Platinum, VIRGIN RECORDS
1526,OH AARON,AARON CARTER,1x Platinum, JIVE
1527,"DARK DAYS, BRIGHT NIGHTS",BUBBA SPARXXX,Gold, INTERSCOPE
1528,SNOWFLAKES,TONI BRAXTON,Gold, LAFACE
1529,DOUBLE WIDE,UNCLE KRACKER,2x Multi-Platinum, LAVA
1530,LUTHER VANDROSS,LUTHER VANDROSS,1x Platinum, J RECORDS
1531,SONGS FROM THE WEST COAST,ELTON JOHN,Gold, ROCKET
1532,THE ID,MACY GRAY,Gold, EPIC
1533,PROJECT ENGLISH,JUVENILE,Gold, CASH MONEY / UNIVERSAL
1534,THE GOOD TIMES,AFROMAN,Gold, UNIVERSAL RECORDS
1535,RUFF RYDERS' FIRST LADY,EVE,2x Multi-Platinum, RUFF RYDERS  /  INTERSCOPE
1536,DROPS OF JUPITER,TRAIN,2x Multi-Platinum, COLUMBIA
1537,THALIA CON BANDA GRANDES EXITOS,THALIA,1x Platinum, EMI LATIN
1538,GLITTER (SOUNDTRACK),MARIAH CAREY,1x Platinum, VIRGIN RECORDS
1539,MAD SEASON,MATCHBOX TWENTY,4x Multi-Platinum, ATLANTIC
1540,THE LIFE,GINUWINE,1x Platinum, EPIC
1541,DOWN THE ROAD I GO,TRAVIS TRITT,1x Platinum, COLUMBIA NASHVILLE
1542,SHIVER,JAMIE O'NEAL,Gold, MERCURY NASHVILLE
1543,GORILLAZ,GORILLAZ,1x Platinum, VIRGIN RECORDS
1544,SOMETHING LIKE HUMAN,FUEL,2x Multi-Platinum, EPIC
1545,NOW,MAXWELL,1x Platinum, COLUMBIA
1546,KISS THA GAME GOODBYE,JADAKISS,Gold, RUFF RYDERS  /  INTERSCOPE
1547,BREACH,THE WALLFLOWERS,Gold, INTERSCOPE
1548,UNRESTRICTED,DA BRAT,1x Platinum, SO SO DEF / COLUMBIA
1549,WEEZER (2001),WEEZER,1x Platinum, GEFFEN
1550,MI REFLEJO,CHRISTINA AGUILERA,6x Multi-Platinum, BMG U.S. LATIN
1551,ONE MORE DAY,DIAMOND RIO,Gold, ARISTA NASHVILLE
1552,ANTHOLOGY,ALIEN ANT FARM,1x Platinum, DREAMWORKS
1553,THE ECLEFTIC:  2 SIDES II A BOOK,WYCLEF JEAN,1x Platinum, COLUMBIA
1554,ALL KILLER NO FILLER,SUM 41,1x Platinum, ISLAND RECORDS
1555,WHEN SOMEBODY LOVES YOU,ALAN JACKSON,1x Platinum, ARISTA NASHVILLE
1556,RULE 3:36,JA RULE,3x Multi-Platinum, THE INC.
1557,L.D. 50,MUDVAYNE,Gold, EPIC
1558,EXCITER,DEPECHE MODE,Gold, REPRISE
1559,2000 WATTS,TYRESE,Gold, RCA RECORDS
1560,THUGS ARE US,TRICK DADDY,1x Platinum, SLIP N SLIDE  /  ATLANTIC
1561,NO NAME FACE,LIFEHOUSE,2x Multi-Platinum, DREAMWORKS
1562,JAGGED LITTLE THRILL,JAGGED EDGE,1x Platinum, COLUMBIA
1563,ONE NIGHT ONLY,ELTON JOHN,Gold, UNIVERSAL RECORDS
1564,MY NAME IS JOE,JOE,3x Multi-Platinum, JIVE
1565,EL SAPO,AZUL AZUL,4x Multi-Platinum, SONY DISCOS
1566,SHANGRI-LA DEE DA,STONE TEMPLE PILOTS,Gold, ATLANTIC
1567,RETURN OF DRAGON,SISQO,1x Platinum, DEF SOUL RECORDS
1568,MISS E...SO ADDICTIVE,MISSY ELLIOTT,1x Platinum, ELEKTRA
1569,MAKE YOURSELF,INCUBUS,2x Multi-Platinum, EPIC
1570,MANDY MOORE,MANDY MOORE,Gold, EPIC
1571,LOVERS ROCK,SADE,3x Multi-Platinum, EPIC
1572,INFEST,PAPA ROACH,3x Multi-Platinum, DREAMWORKS
1573,SUGAR RAY,SUGAR RAY,Gold, LAVA
1574,AMNESIAC,RADIOHEAD,Gold, CAPITOL
1575,IRRESISTIBLE,JESSICA SIMPSON,Gold, COLUMBIA
1576,MALPRACTICE,REDMAN,Gold, DEF JAM RECORDS
1577,REVEAL,R.E.M.,Gold, WARNER BROS.
1578,DARE TO DREAM,BILLY GILMAN,Gold, EPIC NASHVILLE
1579,OPEN LETTER,CASE,Gold, DEF JAM  /  DEF SOUL
1580,LIGHTS OUT,LIL WAYNE,Gold, CASH MONEY / UNIVERSAL
1581,HORRORSCOPE,EVE 6,Gold, RCA RECORDS
1582,HOTSHOT,SHAGGY,6x Multi-Platinum, MCA
1583,A NU DAY,TAMIA,Gold, ELEKTRA
1584,LA HISTORIA,RICKY MARTIN,4x Multi-Platinum, SONY DISCOS
1585,ALL FOR YOU,JANET JACKSON,2x Multi-Platinum, VIRGIN RECORDS
1586,I NEED YOU,LEANN RIMES,Gold, CURB
1587,YOUR WOMAN,SUNSHINE ANDERSON,Gold, ATLANTIC
1588,PART III,112,1x Platinum, BAD BOY/ARISTA
1589,GHETTO POSTAGE,MASTER P,Gold, PRIORITY
1590,FORCE OF NATURE,TANK,Gold, BLACKGROUND
1591,SCORPION,EVE,1x Platinum, RUFF RYDERS  /  INTERSCOPE
1592,7,S CLUB 7,Gold, A&M
1593,LIVE IN NEW YORK CITY,BRUCE SPRINGSTEEN,1x Platinum, COLUMBIA
1594,PAULINA,PAULINA RUBIO,Gold, UNIVERSAL MUSIC LATINO
1595,CRUSH,BON JOVI,2x Multi-Platinum, MERCURY
1596,3LW,3LW,1x Platinum, EPIC
1597,GREATEST HITS,LENNY KRAVITZ,3x Multi-Platinum, VIRGIN RECORDS
1598,IN BLUE,THE CORRS,1x Platinum, ATLANTIC
1599,MARC ANTHONY,MARC ANTHONY,3x Multi-Platinum, COLUMBIA
1600,JUST PUSH PLAY,AEROSMITH,1x Platinum, COLUMBIA
1601,WHO I AM,JESSICA ANDREWS,Gold, DREAMWORKS NASHVILLE
1602,AIJUSWANASEING,MUSIQ,1x Platinum, DEF JAM  /  DEF SOUL
1603,MISTA DON'T PLAY -- EVERYTHANGS WORKIN',PROJECT PAT,Gold, LOUD
1604,MY THOUGHTS,AVANT,1x Platinum, MCA
1605,FEAR OF FLYING,MYA,1x Platinum, INTERSCOPE
1606,LET'S GET READY,MYSTIKAL,2x Multi-Platinum, JIVE
1607,BEWARE OF DOG,BOW WOW,2x Multi-Platinum, SO SO DEF / COLUMBIA
1608,HOW DO YOU LIKE ME NOW?!,TOBY KEITH,1x Platinum, DREAMWORKS NASHVILLE
1609,THA LAST MEAL,SNOOP DOGG,1x Platinum, PRIORITY
1610,WHITE LADDER,DAVID GRAY,1x Platinum, ATO RECORDS
1611,CHICAGO '85...THE MOVIE,DAVE HOLLISTER,Gold, DREAMWORKS
1612,KID A,RADIOHEAD,1x Platinum, CAPITOL
1613,MIRROR MIRROR,KELLY PRICE,1x Platinum, ISLAND RECORDS
1614,EL ALMA AL AIRE,ALEJANDRO SANZ,2x Multi-Platinum, WEA LATINA
1615,...AND THEN THERE WAS X,DMX,5x Multi-Platinum, RUSH ASSOCIATED LABELS
1616,THE GIFT OF GAME,CRAZY TOWN,1x Platinum, COLUMBIA
1617,J.E. HEARTBREAK,JAGGED EDGE,2x Multi-Platinum, COLUMBIA
1618,GEORGE STRAIT,GEORGE STRAIT,Gold, MCA NASHVILLE
1619,"THE COLLECTOR'S SERIES, VOLUME ONE",CELINE DION,Gold, EPIC
1620,BRAND NEW DAY,STING,3x Multi-Platinum, A&M
1621,SONGS FROM AN AMERICAN MOVIE VOLUME ONE,EVERCLEAR,1x Platinum, CAPITOL
1622,RESTLESS,XZIBIT,1x Platinum, LOUD
1623,LET'S MAKE SURE WE KISS GOODBYE,VINCE GILL,Gold, MCA NASHVILLE
1624,RENEGADES,RAGE AGAINST THE MACHINE,1x Platinum, EPIC
1625,WHO LET THE DOGS OUT,BAHA MEN,3x Multi-Platinum, S-CURVE RECORDS
1626,MERRY CHRISTMAS WHEREVER YOU ARE,GEORGE STRAIT,Gold, MCA NASHVILLE
1627,MAMA'S GUN,ERYKAH BADU,1x Platinum, MOTOWN
1628,BLACK & BLUE,BACKSTREET BOYS,8x Multi-Platinum, JIVE
1629,EAT AT WHITEY'S,EVERLAST,Gold, TOMMY BOY
1630,CAN'T TAKE ME HOME,P!NK,2x Multi-Platinum, LAFACE
1631,BRAND NEW ME,JOHN MICHAEL MONTGOMERY,Gold, ATLANTIC NASHVILLE
1632,BLENDER,COLLECTIVE SOUL,Gold, ATLANTIC
1633,SOUND LOADED,RICKY MARTIN,2x Multi-Platinum, COLUMBIA
1634,CHRISTINA AGUILERA,CHRISTINA AGUILERA,8x Multi-Platinum, RCA
1635,MY KIND OF CHRISTMAS,CHRISTINA AGUILERA,1x Platinum, RCA
1636,EMOTIONAL,CARL THOMAS,1x Platinum, BAD BOY/ARISTA
1637,CLASSIC CHRISTMAS,BILLY GILMAN,Gold, EPIC NASHVILLE
1638,WARNING,GREEN DAY,Gold, REPRISE
1639,"WHEN THE SMOKE CLEARS SIXTY 6, SIXTY 1",THREE 6 MAFIA,1x Platinum, LOUD
1640,SWEET KISSES,JESSICA SIMPSON,2x Multi-Platinum, COLUMBIA
1641,DA BADDEST BITCH,TRINA,Gold, ATLANTIC
1642,THE LAST OF A DYING BREED,SCARFACE,Gold, RAP-A-LOT
1643,THE FUNDAMENTAL ELEMENTS OF SOUTHTOWN,P.O.D.,1x Platinum, ATLANTIC
1644,NATHAN MICHAEL SHAWN WANYA,BOYZ II MEN,Gold, UNIVERSAL RECORDS
1645,VERDI,ANDREA BOCELLI,Gold, PHILLIPS
1646,MER DE NOMS,A PERFECT CIRCLE,1x Platinum, VIRGIN RECORDS
1647,SHYNE,SHYNE,Gold, BAD BOY/ARISTA
1648,"TUESDAYS, THURSDAYS, SATURDAYS",JIMMY BUFFETT,Gold, MAILBOAT RECORDS
1649,MARY,MARY J. BLIGE,2x Multi-Platinum, MCA
1650,MAROON,BARENAKED LADIES,1x Platinum, REPRISE
1651,THE HEAT,TONI BRAXTON,2x Multi-Platinum, LAFACE
1652,PEOPLE LIKE US,AARON TIPPIN,Gold, LYRIC STREET
1653,THE TRUTH,BEANIE SIGEL,Gold, ROC-A-FELLA / DEF JAM
1654,I GOT THAT WORK,BIG TYMERS,1x Platinum, CASH MONEY / UNIVERSAL
1655,EMOTION,MARTINA MCBRIDE,1x Platinum, RCA NASHVILLE
1656,VITAMIN C,VITAMIN C,1x Platinum, ELEKTRA
1657,MOUNTAIN HIGH...VALLEY LOW,YOLANDA ADAMS,1x Platinum, ELEKTRA
1658,SON BY FOUR,SON BY FOUR,Gold, SONY TROPICAL
1659,THE MADDING CROWD,NINE DAYS,Gold, EPIC
1660,ON HOW LIFE IS,MACY GRAY,3x Multi-Platinum, EPIC
1661,IDEAL,IDEAL,Gold, VIRGIN RECORDS
1662,LIFE STORY,BLACK ROB,1x Platinum, BAD BOY/ARISTA
1663,LIKE WATER FOR CHOCOLATE,COMMON,Gold, MCA
1664,NO. 4,STONE TEMPLE PILOTS,1x Platinum, ATLANTIC
1665,THE NOTORIOUS K.I.M.,LIL' KIM,Gold, ATLANTIC
1666,SOONER OR LATER,BBMAK,Gold, HOLLYWOOD
1667,FROM THE BOTTOM TO THE TOP,SAMMIE,Gold, CAPITOL
1668,DESDE UN PRINCIPIO:  FROM THE BEGINNING,MARC ANTHONY,Gold, RMM
1669,"LIVE, LAUGH, LOVE",CLAY WALKER,Gold, GIANT
1670,WELCOME II NEXTASY,NEXT,Gold, ARISTA
1671,ETERNO,LUIS FONSI,1x Platinum, UNIVERSAL MUSIC LATINO
1672,ANARCHY,BUSTA RHYMES,1x Platinum, ELEKTRA
1673,TITLE OF RECORD,FILTER,1x Platinum, WARNER BROS.
1674,INSIDE JOB,DON HENLEY,1x Platinum, WARNER BROS.
1675,I WANNA BE WITH YOU,MANDY MOORE,Gold, 550 MUSIC/EPIC
1676,THE HISTORY OF ROCK,KID ROCK,2x Multi-Platinum, LAVA / ATLANTIC
1677,ARRASANDO,THALIA,2x Multi-Platinum, EMI LATIN
1678,ALMA CARIBENA -- CARIBBEAN SOUL,GLORIA ESTEFAN,Gold, EPIC
1679,BINAURAL,PEARL JAM,Gold, EPIC
1680,THE SCIENCE OF THINGS,BUSH,1x Platinum, INTERSCOPE
1681,RETURN OF SATURN,NO DOUBT,1x Platinum, INTERSCOPE
1682,WAR & PEACE VOL. 2 (THE PEACE DISC),ICE CUBE,Gold, PRIORITY
1683,WHERE I WANNA BE,DONELL JONES,1x Platinum, LAFACE
1684,HOORAY FOR BOOBIES,BLOODHOUND GANG,1x Platinum, GEFFEN
1685,BOOK OF THUGS,TRICK DADDY,Gold, SLIP N SLIDE
1686,ONLY GOD CAN JUDGE ME,MASTER P,Gold, PRIORITY
1687,REAL LIVE WOMAN,TRISHA YEARWOOD,Gold, MCA NASHVILLE
1688,BLUE,THIRD EYE BLIND,1x Platinum, ELEKTRA
1689,G,GERALD LEVERT,Gold, ELEKTRA
1690,D'LECTRIFIED,CLINT BLACK,Gold, RCA NASHVILLE
1691,CAUSIN' DRAMA,DRAMA,Gold, ATLANTIC
1692,SO REAL,MANDY MOORE,1x Platinum, EPIC
1693,SUPREME CLIENTELE,GHOSTFACE KILLAH,Gold, EPIC
1694,GET IT ON...TONITE,MONTELL JORDAN,Gold, RUSH ASSOCIATED LABELS
1695,PERMANENTLY,MARK WILLS,Gold, MERCURY NASHVILLE
1696,EUROPOP,EIFFEL 65,2x Multi-Platinum, REPUBLIC / UNIVERSAL
1697,BLACK DIAMOND,ANGIE STONE,Gold, ARISTA
1698,BLACK ON BOTH SIDES,MOS DEF,Gold, PRIORITY
1699,EL AMOR DE MI TIERRA,CARLOS VIVES,2x Multi-Platinum, EMI LATIN
1700,THIS DESERT LIFE,COUNTING CROWS,1x Platinum, GEFFEN
1701,THA G CODE,JUVENILE,1x Platinum, CASH MONEY / UNIVERSAL
1702,UNPLUGGED,ALANIS MORISSETTE,Gold, MAVERICK
1703,AWAKE AND BREATHE,B*WITCHED,Gold, EPIC
1704,BREAKDOWN,MELISSA ETHERIDGE,Gold, ISLAND
1705,LIVE ERA '87 - '93,GUNS N' ROSES,Gold, GEFFEN
1706,LISTENER SUPPORTED,DAVE MATTHEWS BAND,2x Multi-Platinum, RCA RECORDS
1707,THE FRAGILE,NINE INCH NAILS,2x Multi-Platinum, INTERSCOPE
1708,MIDNITE VULTURES,BECK,Gold, GEFFEN
1709,ENRIQUE,ENRIQUE IGLESIAS,1x Platinum, INTERSCOPE
1710,LEANN RIMES,LEANN RIMES,1x Platinum, CURB
1711,ANTHOLOGY:  THE SOUNDS OF SCIENCE,BEASTIE BOYS,2x Multi-Platinum, GRAND ROYAL
1712,ISSUES,KORN,3x Multi-Platinum, EPIC
1713,WILLENNIUM,WILL SMITH,2x Multi-Platinum, COLUMBIA
1714,JOY:  A HOLIDAY COLLECTION,JEWEL,1x Platinum, ATLANTIC
1715,A LITTLE BIT OF MAMBO,LOU BEGA,3x Multi-Platinum, RCA
1716,THERE IS NOTHING LEFT TO LOSE,FOO FIGHTERS,1x Platinum, ROSWELL/RCA
1717,THE BLOCK IS HOT,LIL WAYNE,1x Platinum, CASH MONEY / UNIVERSAL
1718,RAVE UN2 THE JOY FANTASTIC,PRINCE,Gold, ARISTA
1719,SACRED ARIAS,ANDREA BOCELLI,1x Platinum, PHILLIPS
1720,LFO,LFO,1x Platinum, ARISTA
1721,NIGGA PLEASE,OL' DIRTY BASTARD,Gold, ELEKTRA
1722,THE BATTLE OF LOS ANGELES,RAGE AGAINST THE MACHINE,2x Multi-Platinum, EPIC
1723,RAINBOW,MARIAH CAREY,3x Multi-Platinum, COLUMBIA
1724,UNDER THE INFLUENCE,ALAN JACKSON,1x Platinum, ARISTA NASHVILLE
1725,SOUND SYSTEM,311,Gold, CAPRICORN
1726,THE DISTANCE TO HERE,LIVE,1x Platinum, RADIOACTIVE
1727,I WANT IT ALL,WARREN G,Gold, RESTLESS/G-FUNK
1728,TO VENUS AND BACK,TORI AMOS,1x Platinum, ATLANTIC
1729,GUERILLA WARFARE,HOT BOYS,1x Platinum, CASH MONEY
1730,MURDA MUZIK / MOBB MUZIK,MOBB DEEP,1x Platinum, LOUD
